case,status,spec_json,step_path,mesh_path,case_data_path,pin_txt,pout_txt,uin_mps,pin_pa,pout_pa,dp_pa,vin_mps,vout_mps,reynolds_number,flow_regime,mass_conservation_rel_error,physics_ok,inlet_name,outlet_name,wall_bottom_name,wall_top_name,elapsed_sec
channel_01,ok,/home/hantianl/Documents/PIDIF/2d_geometry_specs/rand_channel_small/channel_01.json,/home/hantianl/Documents/PIDIF/2d_geometry_step/rand_channel_small/channel_01.step,/home/hantianl/Documents/PIDIF/runs_2d/rand_channel_small/channel_01/channel_01.msh.h5,/home/hantianl/Documents/PIDIF/runs_2d/rand_channel_small/channel_01/case2d.cas.h5,/home/hantianl/Documents/PIDIF/runs_2d/rand_channel_small/channel_01/pin.txt,/home/hantianl/Documents/PIDIF/runs_2d/rand_channel_small/channel_01/pout.txt,0.1,2.8450832,0.0,2.8450832,0.099999999,0.10261535,1.4971944462400615,laminar,0.00034165298097738425,True,open_cascade_step_translator_7.5,open_cascade_step_translator_7.3,open_cascade_step_translator_7.2,open_cascade_step_translator_7.4,777.1519935131073
channel_02,ok,/home/hantianl/Documents/PIDIF/2d_geometry_specs/rand_channel_small/channel_02.json,/home/hantianl/Documents/PIDIF/2d_geometry_step/rand_channel_small/channel_02.step,/home/hantianl/Documents/PIDIF/runs_2d/rand_channel_small/channel_02/channel_02.msh.h5,/home/hantianl/Documents/PIDIF/runs_2d/rand_channel_small/channel_02/case2d.cas.h5,/home/hantianl/Documents/PIDIF/runs_2d/rand_channel_small/channel_02/pin.txt,/home/hantianl/Documents/PIDIF/runs_2d/rand_channel_small/channel_02/pout.txt,0.1,2.4356323,0.0,2.4356323,0.1,0.10444911,1.4477439057650883,laminar,0.00035877616992550183,True,open_cascade_step_translator_7.5,open_cascade_step_translator_7.3,open_cascade_step_translator_7.2,open_cascade_step_translator_7.4,751.2220466136932
channel_03,ok,/home/hantianl/Documents/PIDIF/2d_geometry_specs/rand_channel_small/channel_03.json,/home/hantianl/Documents/PIDIF/2d_geometry_step/rand_channel_small/channel_03.step,/home/hantianl/Documents/PIDIF/runs_2d/rand_channel_small/channel_03/channel_03.msh.h5,/home/hantianl/Documents/PIDIF/runs_2d/rand_channel_small/channel_03/case2d.cas.h5,/home/hantianl/Documents/PIDIF/runs_2d/rand_channel_small/channel_03/pin.txt,/home/hantianl/Documents/PIDIF/runs_2d/rand_channel_small/channel_03/pout.txt,0.1,2.5026796,0.0,2.5026796,0.099999997,0.10146271,1.2963173569269626,laminar,0.00015408274223744308,True,open_cascade_step_translator_7.5,open_cascade_step_translator_7.3,open_cascade_step_translator_7.2,open_cascade_step_translator_7.4,755.3693509101868
channel_04,ok,/home/hantianl/Documents/PIDIF/2d_geometry_specs/rand_channel_small/channel_04.json,/home/hantianl/Documents/PIDIF/2d_geometry_step/rand_channel_small/channel_04.step,/home/hantianl/Documents/PIDIF/runs_2d/rand_channel_small/channel_04/channel_04.msh.h5,/home/hantianl/Documents/PIDIF/runs_2d/rand_channel_small/channel_04/case2d.cas.h5,/home/hantianl/Documents/PIDIF/runs_2d/rand_channel_small/channel_04/pin.txt,/home/hantianl/Documents/PIDIF/runs_2d/rand_channel_small/channel_04/pout.txt,0.1,2.2894691,0.0,2.2894691,0.099999997,0.090994514,1.3148210870125363,laminar,0.0003181581795512688,True,open_cascade_step_translator_7.5,open_cascade_step_translator_7.3,open_cascade_step_translator_7.2,open_cascade_step_translator_7.4,763.1928477287292
channel_05,ok,/home/hantianl/Documents/PIDIF/2d_geometry_specs/rand_channel_small/channel_05.json,/home/hantianl/Documents/PIDIF/2d_geometry_step/rand_channel_small/channel_05.step,/home/hantianl/Documents/PIDIF/runs_2d/rand_channel_small/channel_05/channel_05.msh.h5,/home/hantianl/Documents/PIDIF/runs_2d/rand_channel_small/channel_05/case2d.cas.h5,/home/hantianl/Documents/PIDIF/runs_2d/rand_channel_small/channel_05/pin.txt,/home/hantianl/Documents/PIDIF/runs_2d/rand_channel_small/channel_05/pout.txt,0.1,2.5324041,0.0,2.5324041,0.1,0.10734938,1.4668274277440843,laminar,0.0003391155091153527,True,open_cascade_step_translator_7.5,open_cascade_step_translator_7.3,open_cascade_step_translator_7.2,open_cascade_step_translator_7.4,758.8802659511566
channel_06,ok,/home/hantianl/Documents/PIDIF/2d_geometry_specs/rand_channel_small/channel_06.json,/home/hantianl/Documents/PIDIF/2d_geometry_step/rand_channel_small/channel_06.step,/home/hantianl/Documents/PIDIF/runs_2d/rand_channel_small/channel_06/channel_06.msh.h5,/home/hantianl/Documents/PIDIF/runs_2d/rand_channel_small/channel_06/case2d.cas.h5,/home/hantianl/Documents/PIDIF/runs_2d/rand_channel_small/channel_06/pin.txt,/home/hantianl/Documents/PIDIF/runs_2d/rand_channel_small/channel_06/pout.txt,0.1,2.6542146,0.0,2.6542146,0.1,0.11302013,1.4947434975345417,laminar,7.78176071786861e-05,True,open_cascade_step_translator_7.5,open_cascade_step_translator_7.3,open_cascade_step_translator_7.2,open_cascade_step_translator_7.4,785.4623391628265
channel_07,ok,/home/hantianl/Documents/PIDIF/2d_geometry_specs/rand_channel_small/channel_07.json,/home/hantianl/Documents/PIDIF/2d_geometry_step/rand_channel_small/channel_07.step,/home/hantianl/Documents/PIDIF/runs_2d/rand_channel_small/channel_07/channel_07.msh.h5,/home/hantianl/Documents/PIDIF/runs_2d/rand_channel_small/channel_07/case2d.cas.h5,/home/hantianl/Documents/PIDIF/runs_2d/rand_channel_small/channel_07/pin.txt,/home/hantianl/Documents/PIDIF/runs_2d/rand_channel_small/channel_07/pout.txt,0.1,2.4942038,0.0,2.4942038,0.1,0.097233085,1.4128294908902606,laminar,0.0002598062731797239,True,open_cascade_step_translator_7.5,open_cascade_step_translator_7.3,open_cascade_step_translator_7.2,open_cascade_step_translator_7.4,736.14302277565
channel_08,ok,/home/hantianl/Documents/PIDIF/2d_geometry_specs/rand_channel_small/channel_08.json,/home/hantianl/Documents/PIDIF/2d_geometry_step/rand_channel_small/channel_08.step,/home/hantianl/Documents/PIDIF/runs_2d/rand_channel_small/channel_08/channel_08.msh.h5,/home/hantianl/Documents/PIDIF/runs_2d/rand_channel_small/channel_08/case2d.cas.h5,/home/hantianl/Documents/PIDIF/runs_2d/rand_channel_small/channel_08/pin.txt,/home/hantianl/Documents/PIDIF/runs_2d/rand_channel_small/channel_08/pout.txt,0.1,2.4856696,0.0,2.4856696,0.1,0.099242807,1.4761866103333396,laminar,0.0003760721355632049,True,open_cascade_step_translator_7.5,open_cascade_step_translator_7.3,open_cascade_step_translator_7.2,open_cascade_step_translator_7.4,653.4592614173889
channel_09,ok,/home/hantianl/Documents/PIDIF/2d_geometry_specs/rand_channel_small/channel_09.json,/home/hantianl/Documents/PIDIF/2d_geometry_step/rand_channel_small/channel_09.step,/home/hantianl/Documents/PIDIF/runs_2d/rand_channel_small/channel_09/channel_09.msh.h5,/home/hantianl/Documents/PIDIF/runs_2d/rand_channel_small/channel_09/case2d.cas.h5,/home/hantianl/Documents/PIDIF/runs_2d/rand_channel_small/channel_09/pin.txt,/home/hantianl/Documents/PIDIF/runs_2d/rand_channel_small/channel_09/pout.txt,0.1,2.817219,0.0,2.817219,0.099999998,0.10774784,1.4983764922018419,laminar,0.00039088515630005514,True,open_cascade_step_translator_7.5,open_cascade_step_translator_7.3,open_cascade_step_translator_7.2,open_cascade_step_translator_7.4,591.1352233886719
channel_10,ok,/home/hantianl/Documents/PIDIF/2d_geometry_specs/rand_channel_small/channel_10.json,/home/hantianl/Documents/PIDIF/2d_geometry_step/rand_channel_small/channel_10.step,/home/hantianl/Documents/PIDIF/runs_2d/rand_channel_small/channel_10/channel_10.msh.h5,/home/hantianl/Documents/PIDIF/runs_2d/rand_channel_small/channel_10/case2d.cas.h5,/home/hantianl/Documents/PIDIF/runs_2d/rand_channel_small/channel_10/pin.txt,/home/hantianl/Documents/PIDIF/runs_2d/rand_channel_small/channel_10/pout.txt,0.1,2.4978333,0.0,2.4978333,0.1,0.094526588,1.4137719147502827,laminar,0.00034096827961420254,True,open_cascade_step_translator_7.5,open_cascade_step_translator_7.3,open_cascade_step_translator_7.2,open_cascade_step_translator_7.4,555.5693757534027
channel_11,ok,/home/hantianl/Documents/PIDIF/2d_geometry_specs/rand_channel_small/channel_11.json,/home/hantianl/Documents/PIDIF/2d_geometry_step/rand_channel_small/channel_11.step,/home/hantianl/Documents/PIDIF/runs_2d/rand_channel_small/channel_11/channel_11.msh.h5,/home/hantianl/Documents/PIDIF/runs_2d/rand_channel_small/channel_11/case2d.cas.h5,/home/hantianl/Documents/PIDIF/runs_2d/rand_channel_small/channel_11/pin.txt,/home/hantianl/Documents/PIDIF/runs_2d/rand_channel_small/channel_11/pout.txt,0.1,2.3165645,0.0,2.3165645,0.099999998,0.10601965,1.37759978210126,laminar,0.0004131791130957517,True,open_cascade_step_translator_7.5,open_cascade_step_translator_7.3,open_cascade_step_translator_7.2,open_cascade_step_translator_7.4,500.817355632782
channel_12,ok,/home/hantianl/Documents/PIDIF/2d_geometry_specs/rand_channel_small/channel_12.json,/home/hantianl/Documents/PIDIF/2d_geometry_step/rand_channel_small/channel_12.step,/home/hantianl/Documents/PIDIF/runs_2d/rand_channel_small/channel_12/channel_12.msh.h5,/home/hantianl/Documents/PIDIF/runs_2d/rand_channel_small/channel_12/case2d.cas.h5,/home/hantianl/Documents/PIDIF/runs_2d/rand_channel_small/channel_12/pin.txt,/home/hantianl/Documents/PIDIF/runs_2d/rand_channel_small/channel_12/pout.txt,0.1,2.988023,0.0,2.988023,0.099999998,0.1047026,1.4844503623523757,laminar,0.0003188734180955426,True,open_cascade_step_translator_7.5,open_cascade_step_translator_7.3,open_cascade_step_translator_7.2,open_cascade_step_translator_7.4,481.2988934516907
channel_13,ok,/home/hantianl/Documents/PIDIF/2d_geometry_specs/rand_channel_small/channel_13.json,/home/hantianl/Documents/PIDIF/2d_geometry_step/rand_channel_small/channel_13.step,/home/hantianl/Documents/PIDIF/runs_2d/rand_channel_small/channel_13/channel_13.msh.h5,/home/hantianl/Documents/PIDIF/runs_2d/rand_channel_small/channel_13/case2d.cas.h5,/home/hantianl/Documents/PIDIF/runs_2d/rand_channel_small/channel_13/pin.txt,/home/hantianl/Documents/PIDIF/runs_2d/rand_channel_small/channel_13/pout.txt,0.1,2.599997,0.0,2.599997,0.1,0.091040393,1.3462437624871828,laminar,0.00028859391216410084,True,open_cascade_step_translator_7.5,open_cascade_step_translator_7.3,open_cascade_step_translator_7.2,open_cascade_step_translator_7.4,554.7546789646149
channel_14,ok,/home/hantianl/Documents/PIDIF/2d_geometry_specs/rand_channel_small/channel_14.json,/home/hantianl/Documents/PIDIF/2d_geometry_step/rand_channel_small/channel_14.step,/home/hantianl/Documents/PIDIF/runs_2d/rand_channel_small/channel_14/channel_14.msh.h5,/home/hantianl/Documents/PIDIF/runs_2d/rand_channel_small/channel_14/case2d.cas.h5,/home/hantianl/Documents/PIDIF/runs_2d/rand_channel_small/channel_14/pin.txt,/home/hantianl/Documents/PIDIF/runs_2d/rand_channel_small/channel_14/pout.txt,0.1,2.5137208,0.0,2.5137208,0.099999997,0.10017988,1.3377074892580518,laminar,0.0003654328814493962,True,open_cascade_step_translator_7.5,open_cascade_step_translator_7.3,open_cascade_step_translator_7.2,open_cascade_step_translator_7.4,518.0755186080933
channel_15,ok,/home/hantianl/Documents/PIDIF/2d_geometry_specs/rand_channel_small/channel_15.json,/home/hantianl/Documents/PIDIF/2d_geometry_step/rand_channel_small/channel_15.step,/home/hantianl/Documents/PIDIF/runs_2d/rand_channel_small/channel_15/channel_15.msh.h5,/home/hantianl/Documents/PIDIF/runs_2d/rand_channel_small/channel_15/case2d.cas.h5,/home/hantianl/Documents/PIDIF/runs_2d/rand_channel_small/channel_15/pin.txt,/home/hantianl/Documents/PIDIF/runs_2d/rand_channel_small/channel_15/pout.txt,0.1,2.4938907,0.0,2.4938907,0.099999996,0.09633645,1.3781344677717984,laminar,4.4261690957685573e-05,True,open_cascade_step_translator_7.5,open_cascade_step_translator_7.3,open_cascade_step_translator_7.2,open_cascade_step_translator_7.4,491.97734475135803
channel_16,ok,/home/hantianl/Documents/PIDIF/2d_geometry_specs/rand_channel_small/channel_16.json,/home/hantianl/Documents/PIDIF/2d_geometry_step/rand_channel_small/channel_16.step,/home/hantianl/Documents/PIDIF/runs_2d/rand_channel_small/channel_16/channel_16.msh.h5,/home/hantianl/Documents/PIDIF/runs_2d/rand_channel_small/channel_16/case2d.cas.h5,/home/hantianl/Documents/PIDIF/runs_2d/rand_channel_small/channel_16/pin.txt,/home/hantianl/Documents/PIDIF/runs_2d/rand_channel_small/channel_16/pout.txt,0.1,2.6306104,0.0,2.6306104,0.099999998,0.10200248,1.393839912173258,laminar,0.00033287162278118577,True,open_cascade_step_translator_7.5,open_cascade_step_translator_7.3,open_cascade_step_translator_7.2,open_cascade_step_translator_7.4,518.6625814437866
channel_17,ok,/home/hantianl/Documents/PIDIF/2d_geometry_specs/rand_channel_small/channel_17.json,/home/hantianl/Documents/PIDIF/2d_geometry_step/rand_channel_small/channel_17.step,/home/hantianl/Documents/PIDIF/runs_2d/rand_channel_small/channel_17/channel_17.msh.h5,/home/hantianl/Documents/PIDIF/runs_2d/rand_channel_small/channel_17/case2d.cas.h5,/home/hantianl/Documents/PIDIF/runs_2d/rand_channel_small/channel_17/pin.txt,/home/hantianl/Documents/PIDIF/runs_2d/rand_channel_small/channel_17/pout.txt,0.1,2.6533785,0.0,2.6533785,0.1,0.10325725,1.47826065061314,laminar,2.432663964398522e-05,True,open_cascade_step_translator_7.5,open_cascade_step_translator_7.3,open_cascade_step_translator_7.2,open_cascade_step_translator_7.4,495.30990624427795
channel_18,ok,/home/hantianl/Documents/PIDIF/2d_geometry_specs/rand_channel_small/channel_18.json,/home/hantianl/Documents/PIDIF/2d_geometry_step/rand_channel_small/channel_18.step,/home/hantianl/Documents/PIDIF/runs_2d/rand_channel_small/channel_18/channel_18.msh.h5,/home/hantianl/Documents/PIDIF/runs_2d/rand_channel_small/channel_18/case2d.cas.h5,/home/hantianl/Documents/PIDIF/runs_2d/rand_channel_small/channel_18/pin.txt,/home/hantianl/Documents/PIDIF/runs_2d/rand_channel_small/channel_18/pout.txt,0.1,2.5980839,0.0,2.5980839,0.1,0.10703098,1.4067096251009794,laminar,0.000361788468991544,True,open_cascade_step_translator_7.5,open_cascade_step_translator_7.3,open_cascade_step_translator_7.2,open_cascade_step_translator_7.4,487.78640031814575
channel_19,ok,/home/hantianl/Documents/PIDIF/2d_geometry_specs/rand_channel_small/channel_19.json,/home/hantianl/Documents/PIDIF/2d_geometry_step/rand_channel_small/channel_19.step,/home/hantianl/Documents/PIDIF/runs_2d/rand_channel_small/channel_19/channel_19.msh.h5,/home/hantianl/Documents/PIDIF/runs_2d/rand_channel_small/channel_19/case2d.cas.h5,/home/hantianl/Documents/PIDIF/runs_2d/rand_channel_small/channel_19/pin.txt,/home/hantianl/Documents/PIDIF/runs_2d/rand_channel_small/channel_19/pout.txt,0.1,2.5217542,0.0,2.5217542,0.1,0.089502705,1.2982037266347168,laminar,0.0003115132895607387,True,open_cascade_step_translator_7.5,open_cascade_step_translator_7.3,open_cascade_step_translator_7.2,open_cascade_step_translator_7.4,488.476948261261
channel_20,ok,/home/hantianl/Documents/PIDIF/2d_geometry_specs/rand_channel_small/channel_20.json,/home/hantianl/Documents/PIDIF/2d_geometry_step/rand_channel_small/channel_20.step,/home/hantianl/Documents/PIDIF/runs_2d/rand_channel_small/channel_20/channel_20.msh.h5,/home/hantianl/Documents/PIDIF/runs_2d/rand_channel_small/channel_20/case2d.cas.h5,/home/hantianl/Documents/PIDIF/runs_2d/rand_channel_small/channel_20/pin.txt,/home/hantianl/Documents/PIDIF/runs_2d/rand_channel_small/channel_20/pout.txt,0.1,2.212044,0.0,2.212044,0.1,0.084421287,1.266465073689374,laminar,0.000159944389938215,True,open_cascade_step_translator_7.5,open_cascade_step_translator_7.3,open_cascade_step_translator_7.2,open_cascade_step_translator_7.4,484.5495431423187
channel_21,ok,/home/hantianl/Documents/PIDIF/2d_geometry_specs/rand_channel_small/channel_21.json,/home/hantianl/Documents/PIDIF/2d_geometry_step/rand_channel_small/channel_21.step,/home/hantianl/Documents/PIDIF/runs_2d/rand_channel_small/channel_21/channel_21.msh.h5,/home/hantianl/Documents/PIDIF/runs_2d/rand_channel_small/channel_21/case2d.cas.h5,/home/hantianl/Documents/PIDIF/runs_2d/rand_channel_small/channel_21/pin.txt,/home/hantianl/Documents/PIDIF/runs_2d/rand_channel_small/channel_21/pout.txt,0.1,2.2471584,0.0,2.2471584,0.099999996,0.091200193,1.3578264321095739,laminar,0.0003293106530053461,True,open_cascade_step_translator_7.5,open_cascade_step_translator_7.3,open_cascade_step_translator_7.2,open_cascade_step_translator_7.4,496.1952018737793
channel_22,ok,/home/hantianl/Documents/PIDIF/2d_geometry_specs/rand_channel_small/channel_22.json,/home/hantianl/Documents/PIDIF/2d_geometry_step/rand_channel_small/channel_22.step,/home/hantianl/Documents/PIDIF/runs_2d/rand_channel_small/channel_22/channel_22.msh.h5,/home/hantianl/Documents/PIDIF/runs_2d/rand_channel_small/channel_22/case2d.cas.h5,/home/hantianl/Documents/PIDIF/runs_2d/rand_channel_small/channel_22/pin.txt,/home/hantianl/Documents/PIDIF/runs_2d/rand_channel_small/channel_22/pout.txt,0.1,2.6684297,0.0,2.6684297,0.1,0.10126742,1.406040162923298,laminar,0.00017108408433881274,True,open_cascade_step_translator_7.5,open_cascade_step_translator_7.3,open_cascade_step_translator_7.2,open_cascade_step_translator_7.4,483.6160008907318
channel_23,ok,/home/hantianl/Documents/PIDIF/2d_geometry_specs/rand_channel_small/channel_23.json,/home/hantianl/Documents/PIDIF/2d_geometry_step/rand_channel_small/channel_23.step,/home/hantianl/Documents/PIDIF/runs_2d/rand_channel_small/channel_23/channel_23.msh.h5,/home/hantianl/Documents/PIDIF/runs_2d/rand_channel_small/channel_23/case2d.cas.h5,/home/hantianl/Documents/PIDIF/runs_2d/rand_channel_small/channel_23/pin.txt,/home/hantianl/Documents/PIDIF/runs_2d/rand_channel_small/channel_23/pout.txt,0.1,2.1936348,0.0,2.1936348,0.1,0.10862004,1.3726624733750483,laminar,0.00010173501675415194,True,open_cascade_step_translator_7.5,open_cascade_step_translator_7.3,open_cascade_step_translator_7.2,open_cascade_step_translator_7.4,491.3641006946564
channel_24,ok,/home/hantianl/Documents/PIDIF/2d_geometry_specs/rand_channel_small/channel_24.json,/home/hantianl/Documents/PIDIF/2d_geometry_step/rand_channel_small/channel_24.step,/home/hantianl/Documents/PIDIF/runs_2d/rand_channel_small/channel_24/channel_24.msh.h5,/home/hantianl/Documents/PIDIF/runs_2d/rand_channel_small/channel_24/case2d.cas.h5,/home/hantianl/Documents/PIDIF/runs_2d/rand_channel_small/channel_24/pin.txt,/home/hantianl/Documents/PIDIF/runs_2d/rand_channel_small/channel_24/pout.txt,0.1,2.7614469,0.0,2.7614469,0.1,0.10332677,1.4668092833081112,laminar,0.0003759429637978004,True,open_cascade_step_translator_7.5,open_cascade_step_translator_7.3,open_cascade_step_translator_7.2,open_cascade_step_translator_7.4,499.525648355484
channel_25,ok,/home/hantianl/Documents/PIDIF/2d_geometry_specs/rand_channel_small/channel_25.json,/home/hantianl/Documents/PIDIF/2d_geometry_step/rand_channel_small/channel_25.step,/home/hantianl/Documents/PIDIF/runs_2d/rand_channel_small/channel_25/channel_25.msh.h5,/home/hantianl/Documents/PIDIF/runs_2d/rand_channel_small/channel_25/case2d.cas.h5,/home/hantianl/Documents/PIDIF/runs_2d/rand_channel_small/channel_25/pin.txt,/home/hantianl/Documents/PIDIF/runs_2d/rand_channel_small/channel_25/pout.txt,0.1,2.7689358,0.0,2.7689358,0.1,0.10155546,1.503441162132488,laminar,1.2116092987107156e-05,True,open_cascade_step_translator_7.5,open_cascade_step_translator_7.3,open_cascade_step_translator_7.2,open_cascade_step_translator_7.4,475.89901185035706
channel_26,ok,/home/hantianl/Documents/PIDIF/2d_geometry_specs/rand_channel_small/channel_26.json,/home/hantianl/Documents/PIDIF/2d_geometry_step/rand_channel_small/channel_26.step,/home/hantianl/Documents/PIDIF/runs_2d/rand_channel_small/channel_26/channel_26.msh.h5,/home/hantianl/Documents/PIDIF/runs_2d/rand_channel_small/channel_26/case2d.cas.h5,/home/hantianl/Documents/PIDIF/runs_2d/rand_channel_small/channel_26/pin.txt,/home/hantianl/Documents/PIDIF/runs_2d/rand_channel_small/channel_26/pout.txt,0.1,2.3994861,0.0,2.3994861,0.1,0.09625966,1.4100162258666564,laminar,0.00030240853465270454,True,open_cascade_step_translator_7.5,open_cascade_step_translator_7.3,open_cascade_step_translator_7.2,open_cascade_step_translator_7.4,487.2250168323517
channel_27,ok,/home/hantianl/Documents/PIDIF/2d_geometry_specs/rand_channel_small/channel_27.json,/home/hantianl/Documents/PIDIF/2d_geometry_step/rand_channel_small/channel_27.step,/home/hantianl/Documents/PIDIF/runs_2d/rand_channel_small/channel_27/channel_27.msh.h5,/home/hantianl/Documents/PIDIF/runs_2d/rand_channel_small/channel_27/case2d.cas.h5,/home/hantianl/Documents/PIDIF/runs_2d/rand_channel_small/channel_27/pin.txt,/home/hantianl/Documents/PIDIF/runs_2d/rand_channel_small/channel_27/pout.txt,0.1,2.6212684,0.0,2.6212684,0.1,0.094301565,1.3250470892191277,laminar,0.00032184031833939634,True,open_cascade_step_translator_7.5,open_cascade_step_translator_7.3,open_cascade_step_translator_7.2,open_cascade_step_translator_7.4,470.2391211986542
channel_28,ok,/home/hantianl/Documents/PIDIF/2d_geometry_specs/rand_channel_small/channel_28.json,/home/hantianl/Documents/PIDIF/2d_geometry_step/rand_channel_small/channel_28.step,/home/hantianl/Documents/PIDIF/runs_2d/rand_channel_small/channel_28/channel_28.msh.h5,/home/hantianl/Documents/PIDIF/runs_2d/rand_channel_small/channel_28/case2d.cas.h5,/home/hantianl/Documents/PIDIF/runs_2d/rand_channel_small/channel_28/pin.txt,/home/hantianl/Documents/PIDIF/runs_2d/rand_channel_small/channel_28/pout.txt,0.1,2.4056091,0.0,2.4056091,0.1,0.11319865,1.4328169310757553,laminar,0.0003086012160452564,True,open_cascade_step_translator_7.5,open_cascade_step_translator_7.3,open_cascade_step_translator_7.2,open_cascade_step_translator_7.4,489.0653831958771
channel_29,ok,/home/hantianl/Documents/PIDIF/2d_geometry_specs/rand_channel_small/channel_29.json,/home/hantianl/Documents/PIDIF/2d_geometry_step/rand_channel_small/channel_29.step,/home/hantianl/Documents/PIDIF/runs_2d/rand_channel_small/channel_29/channel_29.msh.h5,/home/hantianl/Documents/PIDIF/runs_2d/rand_channel_small/channel_29/case2d.cas.h5,/home/hantianl/Documents/PIDIF/runs_2d/rand_channel_small/channel_29/pin.txt,/home/hantianl/Documents/PIDIF/runs_2d/rand_channel_small/channel_29/pout.txt,0.1,2.5709937,0.0,2.5709937,0.1,0.098879528,1.4518885076690542,laminar,0.000356953031497072,True,open_cascade_step_translator_7.5,open_cascade_step_translator_7.3,open_cascade_step_translator_7.2,open_cascade_step_translator_7.4,476.151992559433
channel_30,ok,/home/hantianl/Documents/PIDIF/2d_geometry_specs/rand_channel_small/channel_30.json,/home/hantianl/Documents/PIDIF/2d_geometry_step/rand_channel_small/channel_30.step,/home/hantianl/Documents/PIDIF/runs_2d/rand_channel_small/channel_30/channel_30.msh.h5,/home/hantianl/Documents/PIDIF/runs_2d/rand_channel_small/channel_30/case2d.cas.h5,/home/hantianl/Documents/PIDIF/runs_2d/rand_channel_small/channel_30/pin.txt,/home/hantianl/Documents/PIDIF/runs_2d/rand_channel_small/channel_30/pout.txt,0.1,2.5334789,0.0,2.5334789,0.099999999,0.10022907,1.4775126106177496,laminar,0.00031679613566153506,True,open_cascade_step_translator_7.5,open_cascade_step_translator_7.3,open_cascade_step_translator_7.2,open_cascade_step_translator_7.4,490.0643558502197
channel_31,ok,/home/hantianl/Documents/PIDIF/2d_geometry_specs/rand_channel_small/channel_31.json,/home/hantianl/Documents/PIDIF/2d_geometry_step/rand_channel_small/channel_31.step,/home/hantianl/Documents/PIDIF/runs_2d/rand_channel_small/channel_31/channel_31.msh.h5,/home/hantianl/Documents/PIDIF/runs_2d/rand_channel_small/channel_31/case2d.cas.h5,/home/hantianl/Documents/PIDIF/runs_2d/rand_channel_small/channel_31/pin.txt,/home/hantianl/Documents/PIDIF/runs_2d/rand_channel_small/channel_31/pout.txt,0.1,2.7884775,0.0,2.7884775,0.099999998,0.11012223,1.482897250178828,laminar,0.000341584772608121,True,open_cascade_step_translator_7.5,open_cascade_step_translator_7.3,open_cascade_step_translator_7.2,open_cascade_step_translator_7.4,477.67443895339966
channel_32,ok,/home/hantianl/Documents/PIDIF/2d_geometry_specs/rand_channel_small/channel_32.json,/home/hantianl/Documents/PIDIF/2d_geometry_step/rand_channel_small/channel_32.step,/home/hantianl/Documents/PIDIF/runs_2d/rand_channel_small/channel_32/channel_32.msh.h5,/home/hantianl/Documents/PIDIF/runs_2d/rand_channel_small/channel_32/case2d.cas.h5,/home/hantianl/Documents/PIDIF/runs_2d/rand_channel_small/channel_32/pin.txt,/home/hantianl/Documents/PIDIF/runs_2d/rand_channel_small/channel_32/pout.txt,0.1,2.4851297,0.0,2.4851297,0.1,0.096402052,1.394023107823989,laminar,0.00035598464298097895,True,open_cascade_step_translator_7.5,open_cascade_step_translator_7.3,open_cascade_step_translator_7.2,open_cascade_step_translator_7.4,481.97911286354065
channel_33,ok,/home/hantianl/Documents/PIDIF/2d_geometry_specs/rand_channel_small/channel_33.json,/home/hantianl/Documents/PIDIF/2d_geometry_step/rand_channel_small/channel_33.step,/home/hantianl/Documents/PIDIF/runs_2d/rand_channel_small/channel_33/channel_33.msh.h5,/home/hantianl/Documents/PIDIF/runs_2d/rand_channel_small/channel_33/case2d.cas.h5,/home/hantianl/Documents/PIDIF/runs_2d/rand_channel_small/channel_33/pin.txt,/home/hantianl/Documents/PIDIF/runs_2d/rand_channel_small/channel_33/pout.txt,0.1,2.6667204,0.0,2.6667204,0.1,0.10421596,1.3726605071571785,laminar,0.0003749806615383708,True,open_cascade_step_translator_7.5,open_cascade_step_translator_7.3,open_cascade_step_translator_7.2,open_cascade_step_translator_7.4,461.7015571594238
channel_34,ok,/home/hantianl/Documents/PIDIF/2d_geometry_specs/rand_channel_small/channel_34.json,/home/hantianl/Documents/PIDIF/2d_geometry_step/rand_channel_small/channel_34.step,/home/hantianl/Documents/PIDIF/runs_2d/rand_channel_small/channel_34/channel_34.msh.h5,/home/hantianl/Documents/PIDIF/runs_2d/rand_channel_small/channel_34/case2d.cas.h5,/home/hantianl/Documents/PIDIF/runs_2d/rand_channel_small/channel_34/pin.txt,/home/hantianl/Documents/PIDIF/runs_2d/rand_channel_small/channel_34/pout.txt,0.1,2.2028636,0.0,2.2028636,0.1,0.095683059,1.2629453905160175,laminar,0.00033582450272728697,True,open_cascade_step_translator_7.5,open_cascade_step_translator_7.3,open_cascade_step_translator_7.2,open_cascade_step_translator_7.4,467.3921549320221
channel_35,ok,/home/hantianl/Documents/PIDIF/2d_geometry_specs/rand_channel_small/channel_35.json,/home/hantianl/Documents/PIDIF/2d_geometry_step/rand_channel_small/channel_35.step,/home/hantianl/Documents/PIDIF/runs_2d/rand_channel_small/channel_35/channel_35.msh.h5,/home/hantianl/Documents/PIDIF/runs_2d/rand_channel_small/channel_35/case2d.cas.h5,/home/hantianl/Documents/PIDIF/runs_2d/rand_channel_small/channel_35/pin.txt,/home/hantianl/Documents/PIDIF/runs_2d/rand_channel_small/channel_35/pout.txt,0.1,2.4953659,0.0,2.4953659,0.1,0.089399492,1.2452292778600014,laminar,0.00040311328786087004,True,open_cascade_step_translator_7.5,open_cascade_step_translator_7.3,open_cascade_step_translator_7.2,open_cascade_step_translator_7.4,462.9332284927368
channel_36,ok,/home/hantianl/Documents/PIDIF/2d_geometry_specs/rand_channel_small/channel_36.json,/home/hantianl/Documents/PIDIF/2d_geometry_step/rand_channel_small/channel_36.step,/home/hantianl/Documents/PIDIF/runs_2d/rand_channel_small/channel_36/channel_36.msh.h5,/home/hantianl/Documents/PIDIF/runs_2d/rand_channel_small/channel_36/case2d.cas.h5,/home/hantianl/Documents/PIDIF/runs_2d/rand_channel_small/channel_36/pin.txt,/home/hantianl/Documents/PIDIF/runs_2d/rand_channel_small/channel_36/pout.txt,0.1,2.4067024,0.0,2.4067024,0.099999999,0.11154012,1.3974952261185585,laminar,0.0004365927945249151,True,open_cascade_step_translator_7.5,open_cascade_step_translator_7.3,open_cascade_step_translator_7.2,open_cascade_step_translator_7.4,482.5116684436798
channel_37,ok,/home/hantianl/Documents/PIDIF/2d_geometry_specs/rand_channel_small/channel_37.json,/home/hantianl/Documents/PIDIF/2d_geometry_step/rand_channel_small/channel_37.step,/home/hantianl/Documents/PIDIF/runs_2d/rand_channel_small/channel_37/channel_37.msh.h5,/home/hantianl/Documents/PIDIF/runs_2d/rand_channel_small/channel_37/case2d.cas.h5,/home/hantianl/Documents/PIDIF/runs_2d/rand_channel_small/channel_37/pin.txt,/home/hantianl/Documents/PIDIF/runs_2d/rand_channel_small/channel_37/pout.txt,0.1,2.307129,0.0,2.307129,0.099999999,0.10003884,1.26676700837617,laminar,0.00046217535092678546,True,open_cascade_step_translator_7.5,open_cascade_step_translator_7.3,open_cascade_step_translator_7.2,open_cascade_step_translator_7.4,477.2201404571533
channel_38,ok,/home/hantianl/Documents/PIDIF/2d_geometry_specs/rand_channel_small/channel_38.json,/home/hantianl/Documents/PIDIF/2d_geometry_step/rand_channel_small/channel_38.step,/home/hantianl/Documents/PIDIF/runs_2d/rand_channel_small/channel_38/channel_38.msh.h5,/home/hantianl/Documents/PIDIF/runs_2d/rand_channel_small/channel_38/case2d.cas.h5,/home/hantianl/Documents/PIDIF/runs_2d/rand_channel_small/channel_38/pin.txt,/home/hantianl/Documents/PIDIF/runs_2d/rand_channel_small/channel_38/pout.txt,0.1,2.2740779,0.0,2.2740779,0.1,0.089207574,1.2372296113323118,laminar,0.0003313286683284019,True,open_cascade_step_translator_7.5,open_cascade_step_translator_7.3,open_cascade_step_translator_7.2,open_cascade_step_translator_7.4,480.63175773620605
channel_39,ok,/home/hantianl/Documents/PIDIF/2d_geometry_specs/rand_channel_small/channel_39.json,/home/hantianl/Documents/PIDIF/2d_geometry_step/rand_channel_small/channel_39.step,/home/hantianl/Documents/PIDIF/runs_2d/rand_channel_small/channel_39/channel_39.msh.h5,/home/hantianl/Documents/PIDIF/runs_2d/rand_channel_small/channel_39/case2d.cas.h5,/home/hantianl/Documents/PIDIF/runs_2d/rand_channel_small/channel_39/pin.txt,/home/hantianl/Documents/PIDIF/runs_2d/rand_channel_small/channel_39/pout.txt,0.1,2.3003414,0.0,2.3003414,0.1,0.093596123,1.340423352866812,laminar,0.00033556836914117765,True,open_cascade_step_translator_7.5,open_cascade_step_translator_7.3,open_cascade_step_translator_7.2,open_cascade_step_translator_7.4,485.4104890823364
channel_40,ok,/home/hantianl/Documents/PIDIF/2d_geometry_specs/rand_channel_small/channel_40.json,/home/hantianl/Documents/PIDIF/2d_geometry_step/rand_channel_small/channel_40.step,/home/hantianl/Documents/PIDIF/runs_2d/rand_channel_small/channel_40/channel_40.msh.h5,/home/hantianl/Documents/PIDIF/runs_2d/rand_channel_small/channel_40/case2d.cas.h5,/home/hantianl/Documents/PIDIF/runs_2d/rand_channel_small/channel_40/pin.txt,/home/hantianl/Documents/PIDIF/runs_2d/rand_channel_small/channel_40/pout.txt,0.1,2.5738864,0.0,2.5738864,0.1,0.10998265,1.4508034780099386,laminar,0.00021865883915243335,True,open_cascade_step_translator_7.5,open_cascade_step_translator_7.3,open_cascade_step_translator_7.2,open_cascade_step_translator_7.4,480.1237292289734
channel_41,ok,/home/hantianl/Documents/PIDIF/2d_geometry_specs/rand_channel_small/channel_41.json,/home/hantianl/Documents/PIDIF/2d_geometry_step/rand_channel_small/channel_41.step,/home/hantianl/Documents/PIDIF/runs_2d/rand_channel_small/channel_41/channel_41.msh.h5,/home/hantianl/Documents/PIDIF/runs_2d/rand_channel_small/channel_41/case2d.cas.h5,/home/hantianl/Documents/PIDIF/runs_2d/rand_channel_small/channel_41/pin.txt,/home/hantianl/Documents/PIDIF/runs_2d/rand_channel_small/channel_41/pout.txt,0.1,2.4391356,0.0,2.4391356,0.1,0.099571089,1.2768565079198235,laminar,0.00041679238714183056,True,open_cascade_step_translator_7.5,open_cascade_step_translator_7.3,open_cascade_step_translator_7.2,open_cascade_step_translator_7.4,469.10537242889404
channel_42,ok,/home/hantianl/Documents/PIDIF/2d_geometry_specs/rand_channel_small/channel_42.json,/home/hantianl/Documents/PIDIF/2d_geometry_step/rand_channel_small/channel_42.step,/home/hantianl/Documents/PIDIF/runs_2d/rand_channel_small/channel_42/channel_42.msh.h5,/home/hantianl/Documents/PIDIF/runs_2d/rand_channel_small/channel_42/case2d.cas.h5,/home/hantianl/Documents/PIDIF/runs_2d/rand_channel_small/channel_42/pin.txt,/home/hantianl/Documents/PIDIF/runs_2d/rand_channel_small/channel_42/pout.txt,0.1,2.1660363,0.0,2.1660363,0.099999999,0.094965789,1.312975976191536,laminar,0.0003853084704930413,True,open_cascade_step_translator_7.5,open_cascade_step_translator_7.3,open_cascade_step_translator_7.2,open_cascade_step_translator_7.4,492.57682824134827
channel_43,ok,/home/hantianl/Documents/PIDIF/2d_geometry_specs/rand_channel_small/channel_43.json,/home/hantianl/Documents/PIDIF/2d_geometry_step/rand_channel_small/channel_43.step,/home/hantianl/Documents/PIDIF/runs_2d/rand_channel_small/channel_43/channel_43.msh.h5,/home/hantianl/Documents/PIDIF/runs_2d/rand_channel_small/channel_43/case2d.cas.h5,/home/hantianl/Documents/PIDIF/runs_2d/rand_channel_small/channel_43/pin.txt,/home/hantianl/Documents/PIDIF/runs_2d/rand_channel_small/channel_43/pout.txt,0.1,2.409166,0.0,2.409166,0.1,0.1007345,1.3133207236089823,laminar,0.0004170600596182367,True,open_cascade_step_translator_7.5,open_cascade_step_translator_7.3,open_cascade_step_translator_7.2,open_cascade_step_translator_7.4,475.27100253105164
channel_44,ok,/home/hantianl/Documents/PIDIF/2d_geometry_specs/rand_channel_small/channel_44.json,/home/hantianl/Documents/PIDIF/2d_geometry_step/rand_channel_small/channel_44.step,/home/hantianl/Documents/PIDIF/runs_2d/rand_channel_small/channel_44/channel_44.msh.h5,/home/hantianl/Documents/PIDIF/runs_2d/rand_channel_small/channel_44/case2d.cas.h5,/home/hantianl/Documents/PIDIF/runs_2d/rand_channel_small/channel_44/pin.txt,/home/hantianl/Documents/PIDIF/runs_2d/rand_channel_small/channel_44/pout.txt,0.1,2.3340852,0.0,2.3340852,0.099999998,0.096268299,1.3002789154799301,laminar,0.0003204881430153086,True,open_cascade_step_translator_7.5,open_cascade_step_translator_7.3,open_cascade_step_translator_7.2,open_cascade_step_translator_7.4,477.74171710014343
channel_45,ok,/home/hantianl/Documents/PIDIF/2d_geometry_specs/rand_channel_small/channel_45.json,/home/hantianl/Documents/PIDIF/2d_geometry_step/rand_channel_small/channel_45.step,/home/hantianl/Documents/PIDIF/runs_2d/rand_channel_small/channel_45/channel_45.msh.h5,/home/hantianl/Documents/PIDIF/runs_2d/rand_channel_small/channel_45/case2d.cas.h5,/home/hantianl/Documents/PIDIF/runs_2d/rand_channel_small/channel_45/pin.txt,/home/hantianl/Documents/PIDIF/runs_2d/rand_channel_small/channel_45/pout.txt,0.1,2.3885382,0.0,2.3885382,0.1,0.10367714,1.3203035463430999,laminar,0.00037708002797637893,True,open_cascade_step_translator_7.5,open_cascade_step_translator_7.3,open_cascade_step_translator_7.2,open_cascade_step_translator_7.4,471.99989223480225
channel_46,ok,/home/hantianl/Documents/PIDIF/2d_geometry_specs/rand_channel_small/channel_46.json,/home/hantianl/Documents/PIDIF/2d_geometry_step/rand_channel_small/channel_46.step,/home/hantianl/Documents/PIDIF/runs_2d/rand_channel_small/channel_46/channel_46.msh.h5,/home/hantianl/Documents/PIDIF/runs_2d/rand_channel_small/channel_46/case2d.cas.h5,/home/hantianl/Documents/PIDIF/runs_2d/rand_channel_small/channel_46/pin.txt,/home/hantianl/Documents/PIDIF/runs_2d/rand_channel_small/channel_46/pout.txt,0.1,2.6532275,0.0,2.6532275,0.099999999,0.1009663,1.3521934063009022,laminar,0.00035190636306644375,True,open_cascade_step_translator_7.5,open_cascade_step_translator_7.3,open_cascade_step_translator_7.2,open_cascade_step_translator_7.4,464.9158754348755
channel_47,ok,/home/hantianl/Documents/PIDIF/2d_geometry_specs/rand_channel_small/channel_47.json,/home/hantianl/Documents/PIDIF/2d_geometry_step/rand_channel_small/channel_47.step,/home/hantianl/Documents/PIDIF/runs_2d/rand_channel_small/channel_47/channel_47.msh.h5,/home/hantianl/Documents/PIDIF/runs_2d/rand_channel_small/channel_47/case2d.cas.h5,/home/hantianl/Documents/PIDIF/runs_2d/rand_channel_small/channel_47/pin.txt,/home/hantianl/Documents/PIDIF/runs_2d/rand_channel_small/channel_47/pout.txt,0.1,2.1386943,0.0,2.1386943,0.099999999,0.086726058,1.2432794849241757,laminar,0.00032504646655070346,True,open_cascade_step_translator_7.5,open_cascade_step_translator_7.3,open_cascade_step_translator_7.2,open_cascade_step_translator_7.4,485.1224844455719
channel_48,ok,/home/hantianl/Documents/PIDIF/2d_geometry_specs/rand_channel_small/channel_48.json,/home/hantianl/Documents/PIDIF/2d_geometry_step/rand_channel_small/channel_48.step,/home/hantianl/Documents/PIDIF/runs_2d/rand_channel_small/channel_48/channel_48.msh.h5,/home/hantianl/Documents/PIDIF/runs_2d/rand_channel_small/channel_48/case2d.cas.h5,/home/hantianl/Documents/PIDIF/runs_2d/rand_channel_small/channel_48/pin.txt,/home/hantianl/Documents/PIDIF/runs_2d/rand_channel_small/channel_48/pout.txt,0.1,2.4327616,0.0,2.4327616,0.1,0.097510267,1.2667069626539733,laminar,0.0003289870718742928,True,open_cascade_step_translator_7.5,open_cascade_step_translator_7.3,open_cascade_step_translator_7.2,open_cascade_step_translator_7.4,470.41077733039856
channel_49,ok,/home/hantianl/Documents/PIDIF/2d_geometry_specs/rand_channel_small/channel_49.json,/home/hantianl/Documents/PIDIF/2d_geometry_step/rand_channel_small/channel_49.step,/home/hantianl/Documents/PIDIF/runs_2d/rand_channel_small/channel_49/channel_49.msh.h5,/home/hantianl/Documents/PIDIF/runs_2d/rand_channel_small/channel_49/case2d.cas.h5,/home/hantianl/Documents/PIDIF/runs_2d/rand_channel_small/channel_49/pin.txt,/home/hantianl/Documents/PIDIF/runs_2d/rand_channel_small/channel_49/pout.txt,0.1,2.5673413,0.0,2.5673413,0.1,0.10148821,1.4931999606336916,laminar,0.0002177550704047345,True,open_cascade_step_translator_7.5,open_cascade_step_translator_7.3,open_cascade_step_translator_7.2,open_cascade_step_translator_7.4,490.56949520111084
channel_50,ok,/home/hantianl/Documents/PIDIF/2d_geometry_specs/rand_channel_small/channel_50.json,/home/hantianl/Documents/PIDIF/2d_geometry_step/rand_channel_small/channel_50.step,/home/hantianl/Documents/PIDIF/runs_2d/rand_channel_small/channel_50/channel_50.msh.h5,/home/hantianl/Documents/PIDIF/runs_2d/rand_channel_small/channel_50/case2d.cas.h5,/home/hantianl/Documents/PIDIF/runs_2d/rand_channel_small/channel_50/pin.txt,/home/hantianl/Documents/PIDIF/runs_2d/rand_channel_small/channel_50/pout.txt,0.1,2.2674949,0.0,2.2674949,0.1,0.10521311,1.482177936333527,laminar,7.099915042184564e-05,True,open_cascade_step_translator_7.5,open_cascade_step_translator_7.3,open_cascade_step_translator_7.2,open_cascade_step_translator_7.4,495.1445071697235
channel_51,ok,/home/hantianl/Documents/PIDIF/2d_geometry_specs/rand_channel_small/channel_51.json,/home/hantianl/Documents/PIDIF/2d_geometry_step/rand_channel_small/channel_51.step,/home/hantianl/Documents/PIDIF/runs_2d/rand_channel_small/channel_51/channel_51.msh.h5,/home/hantianl/Documents/PIDIF/runs_2d/rand_channel_small/channel_51/case2d.cas.h5,/home/hantianl/Documents/PIDIF/runs_2d/rand_channel_small/channel_51/pin.txt,/home/hantianl/Documents/PIDIF/runs_2d/rand_channel_small/channel_51/pout.txt,0.1,2.5021428,0.0,2.5021428,0.1,0.10355873,1.4506428464756733,laminar,0.00040843706200226963,True,open_cascade_step_translator_7.5,open_cascade_step_translator_7.3,open_cascade_step_translator_7.2,open_cascade_step_translator_7.4,480.5374946594238
channel_52,ok,/home/hantianl/Documents/PIDIF/2d_geometry_specs/rand_channel_small/channel_52.json,/home/hantianl/Documents/PIDIF/2d_geometry_step/rand_channel_small/channel_52.step,/home/hantianl/Documents/PIDIF/runs_2d/rand_channel_small/channel_52/channel_52.msh.h5,/home/hantianl/Documents/PIDIF/runs_2d/rand_channel_small/channel_52/case2d.cas.h5,/home/hantianl/Documents/PIDIF/runs_2d/rand_channel_small/channel_52/pin.txt,/home/hantianl/Documents/PIDIF/runs_2d/rand_channel_small/channel_52/pout.txt,0.1,2.1387573,0.0,2.1387573,0.1,0.089503423,1.280549137254922,laminar,0.0002792935673400861,True,open_cascade_step_translator_7.5,open_cascade_step_translator_7.3,open_cascade_step_translator_7.2,open_cascade_step_translator_7.4,490.4481451511383
channel_53,ok,/home/hantianl/Documents/PIDIF/2d_geometry_specs/rand_channel_small/channel_53.json,/home/hantianl/Documents/PIDIF/2d_geometry_step/rand_channel_small/channel_53.step,/home/hantianl/Documents/PIDIF/runs_2d/rand_channel_small/channel_53/channel_53.msh.h5,/home/hantianl/Documents/PIDIF/runs_2d/rand_channel_small/channel_53/case2d.cas.h5,/home/hantianl/Documents/PIDIF/runs_2d/rand_channel_small/channel_53/pin.txt,/home/hantianl/Documents/PIDIF/runs_2d/rand_channel_small/channel_53/pout.txt,0.1,2.4821926,0.0,2.4821926,0.1,0.097732384,1.3463542746392878,laminar,0.0003473989696031549,True,open_cascade_step_translator_7.5,open_cascade_step_translator_7.3,open_cascade_step_translator_7.2,open_cascade_step_translator_7.4,477.1235685348511
channel_54,ok,/home/hantianl/Documents/PIDIF/2d_geometry_specs/rand_channel_small/channel_54.json,/home/hantianl/Documents/PIDIF/2d_geometry_step/rand_channel_small/channel_54.step,/home/hantianl/Documents/PIDIF/runs_2d/rand_channel_small/channel_54/channel_54.msh.h5,/home/hantianl/Documents/PIDIF/runs_2d/rand_channel_small/channel_54/case2d.cas.h5,/home/hantianl/Documents/PIDIF/runs_2d/rand_channel_small/channel_54/pin.txt,/home/hantianl/Documents/PIDIF/runs_2d/rand_channel_small/channel_54/pout.txt,0.1,2.6237118,0.0,2.6237118,0.1,0.10217002,1.467973889054467,laminar,0.0003191642292004469,True,open_cascade_step_translator_7.5,open_cascade_step_translator_7.3,open_cascade_step_translator_7.2,open_cascade_step_translator_7.4,482.3331832885742
channel_55,ok,/home/hantianl/Documents/PIDIF/2d_geometry_specs/rand_channel_small/channel_55.json,/home/hantianl/Documents/PIDIF/2d_geometry_step/rand_channel_small/channel_55.step,/home/hantianl/Documents/PIDIF/runs_2d/rand_channel_small/channel_55/channel_55.msh.h5,/home/hantianl/Documents/PIDIF/runs_2d/rand_channel_small/channel_55/case2d.cas.h5,/home/hantianl/Documents/PIDIF/runs_2d/rand_channel_small/channel_55/pin.txt,/home/hantianl/Documents/PIDIF/runs_2d/rand_channel_small/channel_55/pout.txt,0.1,2.3033515,0.0,2.3033515,0.099999999,0.10380411,1.3413815924330403,laminar,0.0002584946022641251,True,open_cascade_step_translator_7.5,open_cascade_step_translator_7.3,open_cascade_step_translator_7.2,open_cascade_step_translator_7.4,482.1424832344055
channel_56,ok,/home/hantianl/Documents/PIDIF/2d_geometry_specs/rand_channel_small/channel_56.json,/home/hantianl/Documents/PIDIF/2d_geometry_step/rand_channel_small/channel_56.step,/home/hantianl/Documents/PIDIF/runs_2d/rand_channel_small/channel_56/channel_56.msh.h5,/home/hantianl/Documents/PIDIF/runs_2d/rand_channel_small/channel_56/case2d.cas.h5,/home/hantianl/Documents/PIDIF/runs_2d/rand_channel_small/channel_56/pin.txt,/home/hantianl/Documents/PIDIF/runs_2d/rand_channel_small/channel_56/pout.txt,0.1,2.4610874,0.0,2.4610874,0.099999999,0.098532405,1.3653929208799456,laminar,0.0002964014203368945,True,open_cascade_step_translator_7.5,open_cascade_step_translator_7.3,open_cascade_step_translator_7.2,open_cascade_step_translator_7.4,472.07299399375916
channel_57,ok,/home/hantianl/Documents/PIDIF/2d_geometry_specs/rand_channel_small/channel_57.json,/home/hantianl/Documents/PIDIF/2d_geometry_step/rand_channel_small/channel_57.step,/home/hantianl/Documents/PIDIF/runs_2d/rand_channel_small/channel_57/channel_57.msh.h5,/home/hantianl/Documents/PIDIF/runs_2d/rand_channel_small/channel_57/case2d.cas.h5,/home/hantianl/Documents/PIDIF/runs_2d/rand_channel_small/channel_57/pin.txt,/home/hantianl/Documents/PIDIF/runs_2d/rand_channel_small/channel_57/pout.txt,0.1,2.7938216,0.0,2.7938216,0.099999998,0.11629894,1.4884405382891417,laminar,0.00040638611292344404,True,open_cascade_step_translator_7.5,open_cascade_step_translator_7.3,open_cascade_step_translator_7.2,open_cascade_step_translator_7.4,465.08261704444885
channel_58,ok,/home/hantianl/Documents/PIDIF/2d_geometry_specs/rand_channel_small/channel_58.json,/home/hantianl/Documents/PIDIF/2d_geometry_step/rand_channel_small/channel_58.step,/home/hantianl/Documents/PIDIF/runs_2d/rand_channel_small/channel_58/channel_58.msh.h5,/home/hantianl/Documents/PIDIF/runs_2d/rand_channel_small/channel_58/case2d.cas.h5,/home/hantianl/Documents/PIDIF/runs_2d/rand_channel_small/channel_58/pin.txt,/home/hantianl/Documents/PIDIF/runs_2d/rand_channel_small/channel_58/pout.txt,0.1,2.6695755,0.0,2.6695755,0.099999998,0.098834211,1.48683167041458,laminar,0.00030890457448495655,True,open_cascade_step_translator_7.5,open_cascade_step_translator_7.3,open_cascade_step_translator_7.2,open_cascade_step_translator_7.4,492.2663857936859
channel_59,ok,/home/hantianl/Documents/PIDIF/2d_geometry_specs/rand_channel_small/channel_59.json,/home/hantianl/Documents/PIDIF/2d_geometry_step/rand_channel_small/channel_59.step,/home/hantianl/Documents/PIDIF/runs_2d/rand_channel_small/channel_59/channel_59.msh.h5,/home/hantianl/Documents/PIDIF/runs_2d/rand_channel_small/channel_59/case2d.cas.h5,/home/hantianl/Documents/PIDIF/runs_2d/rand_channel_small/channel_59/pin.txt,/home/hantianl/Documents/PIDIF/runs_2d/rand_channel_small/channel_59/pout.txt,0.1,2.8639617,0.0,2.8639617,0.1,0.11264995,1.4981186526139556,laminar,0.00031372487650262426,True,open_cascade_step_translator_7.5,open_cascade_step_translator_7.3,open_cascade_step_translator_7.2,open_cascade_step_translator_7.4,479.0000650882721
channel_60,ok,/home/hantianl/Documents/PIDIF/2d_geometry_specs/rand_channel_small/channel_60.json,/home/hantianl/Documents/PIDIF/2d_geometry_step/rand_channel_small/channel_60.step,/home/hantianl/Documents/PIDIF/runs_2d/rand_channel_small/channel_60/channel_60.msh.h5,/home/hantianl/Documents/PIDIF/runs_2d/rand_channel_small/channel_60/case2d.cas.h5,/home/hantianl/Documents/PIDIF/runs_2d/rand_channel_small/channel_60/pin.txt,/home/hantianl/Documents/PIDIF/runs_2d/rand_channel_small/channel_60/pout.txt,0.1,2.6764818,0.0,2.6764818,0.1,0.10196265,1.4126462338270838,laminar,0.00033149235332855344,True,open_cascade_step_translator_7.5,open_cascade_step_translator_7.3,open_cascade_step_translator_7.2,open_cascade_step_translator_7.4,471.27383756637573
channel_61,ok,/home/hantianl/Documents/PIDIF/2d_geometry_specs/rand_channel_small/channel_61.json,/home/hantianl/Documents/PIDIF/2d_geometry_step/rand_channel_small/channel_61.step,/home/hantianl/Documents/PIDIF/runs_2d/rand_channel_small/channel_61/channel_61.msh.h5,/home/hantianl/Documents/PIDIF/runs_2d/rand_channel_small/channel_61/case2d.cas.h5,/home/hantianl/Documents/PIDIF/runs_2d/rand_channel_small/channel_61/pin.txt,/home/hantianl/Documents/PIDIF/runs_2d/rand_channel_small/channel_61/pout.txt,0.1,2.3783165,0.0,2.3783165,0.099999997,0.085293225,1.2335213732062895,laminar,2.375526333586926e-05,True,open_cascade_step_translator_7.5,open_cascade_step_translator_7.3,open_cascade_step_translator_7.2,open_cascade_step_translator_7.4,461.83975315093994
channel_62,ok,/home/hantianl/Documents/PIDIF/2d_geometry_specs/rand_channel_small/channel_62.json,/home/hantianl/Documents/PIDIF/2d_geometry_step/rand_channel_small/channel_62.step,/home/hantianl/Documents/PIDIF/runs_2d/rand_channel_small/channel_62/channel_62.msh.h5,/home/hantianl/Documents/PIDIF/runs_2d/rand_channel_small/channel_62/case2d.cas.h5,/home/hantianl/Documents/PIDIF/runs_2d/rand_channel_small/channel_62/pin.txt,/home/hantianl/Documents/PIDIF/runs_2d/rand_channel_small/channel_62/pout.txt,0.1,2.5513114,0.0,2.5513114,0.099999998,0.099731792,1.4961183097383328,laminar,0.0003436599623722131,True,open_cascade_step_translator_7.5,open_cascade_step_translator_7.3,open_cascade_step_translator_7.2,open_cascade_step_translator_7.4,489.8820376396179
channel_63,ok,/home/hantianl/Documents/PIDIF/2d_geometry_specs/rand_channel_small/channel_63.json,/home/hantianl/Documents/PIDIF/2d_geometry_step/rand_channel_small/channel_63.step,/home/hantianl/Documents/PIDIF/runs_2d/rand_channel_small/channel_63/channel_63.msh.h5,/home/hantianl/Documents/PIDIF/runs_2d/rand_channel_small/channel_63/case2d.cas.h5,/home/hantianl/Documents/PIDIF/runs_2d/rand_channel_small/channel_63/pin.txt,/home/hantianl/Documents/PIDIF/runs_2d/rand_channel_small/channel_63/pout.txt,0.1,2.2252865,0.0,2.2252865,0.1,0.090127123,1.2388205399623888,laminar,0.00033460249599715663,True,open_cascade_step_translator_7.5,open_cascade_step_translator_7.3,open_cascade_step_translator_7.2,open_cascade_step_translator_7.4,472.1142385005951
channel_64,ok,/home/hantianl/Documents/PIDIF/2d_geometry_specs/rand_channel_small/channel_64.json,/home/hantianl/Documents/PIDIF/2d_geometry_step/rand_channel_small/channel_64.step,/home/hantianl/Documents/PIDIF/runs_2d/rand_channel_small/channel_64/channel_64.msh.h5,/home/hantianl/Documents/PIDIF/runs_2d/rand_channel_small/channel_64/case2d.cas.h5,/home/hantianl/Documents/PIDIF/runs_2d/rand_channel_small/channel_64/pin.txt,/home/hantianl/Documents/PIDIF/runs_2d/rand_channel_small/channel_64/pout.txt,0.1,2.4690602,0.0,2.4690602,0.1,0.099029402,1.4107064039835404,laminar,1.6471055117451024e-05,True,open_cascade_step_translator_7.5,open_cascade_step_translator_7.3,open_cascade_step_translator_7.2,open_cascade_step_translator_7.4,476.1573598384857
channel_65,ok,/home/hantianl/Documents/PIDIF/2d_geometry_specs/rand_channel_small/channel_65.json,/home/hantianl/Documents/PIDIF/2d_geometry_step/rand_channel_small/channel_65.step,/home/hantianl/Documents/PIDIF/runs_2d/rand_channel_small/channel_65/channel_65.msh.h5,/home/hantianl/Documents/PIDIF/runs_2d/rand_channel_small/channel_65/case2d.cas.h5,/home/hantianl/Documents/PIDIF/runs_2d/rand_channel_small/channel_65/pin.txt,/home/hantianl/Documents/PIDIF/runs_2d/rand_channel_small/channel_65/pout.txt,0.1,2.7449259,0.0,2.7449259,0.099999998,0.11795623,1.4830194072238005,laminar,0.00044810302592316806,True,open_cascade_step_translator_7.5,open_cascade_step_translator_7.3,open_cascade_step_translator_7.2,open_cascade_step_translator_7.4,473.2240266799927
channel_66,ok,/home/hantianl/Documents/PIDIF/2d_geometry_specs/rand_channel_small/channel_66.json,/home/hantianl/Documents/PIDIF/2d_geometry_step/rand_channel_small/channel_66.step,/home/hantianl/Documents/PIDIF/runs_2d/rand_channel_small/channel_66/channel_66.msh.h5,/home/hantianl/Documents/PIDIF/runs_2d/rand_channel_small/channel_66/case2d.cas.h5,/home/hantianl/Documents/PIDIF/runs_2d/rand_channel_small/channel_66/pin.txt,/home/hantianl/Documents/PIDIF/runs_2d/rand_channel_small/channel_66/pout.txt,0.1,2.6279353,0.0,2.6279353,0.1,0.095918615,1.4252658870521737,laminar,0.0003195525913278419,True,open_cascade_step_translator_7.5,open_cascade_step_translator_7.3,open_cascade_step_translator_7.2,open_cascade_step_translator_7.4,475.8250150680542
channel_67,ok,/home/hantianl/Documents/PIDIF/2d_geometry_specs/rand_channel_small/channel_67.json,/home/hantianl/Documents/PIDIF/2d_geometry_step/rand_channel_small/channel_67.step,/home/hantianl/Documents/PIDIF/runs_2d/rand_channel_small/channel_67/channel_67.msh.h5,/home/hantianl/Documents/PIDIF/runs_2d/rand_channel_small/channel_67/case2d.cas.h5,/home/hantianl/Documents/PIDIF/runs_2d/rand_channel_small/channel_67/pin.txt,/home/hantianl/Documents/PIDIF/runs_2d/rand_channel_small/channel_67/pout.txt,0.1,2.2238877,0.0,2.2238877,0.1,0.088925276,1.2457067427280208,laminar,0.0003381686716107506,True,open_cascade_step_translator_7.5,open_cascade_step_translator_7.3,open_cascade_step_translator_7.2,open_cascade_step_translator_7.4,480.35082936286926
channel_68,ok,/home/hantianl/Documents/PIDIF/2d_geometry_specs/rand_channel_small/channel_68.json,/home/hantianl/Documents/PIDIF/2d_geometry_step/rand_channel_small/channel_68.step,/home/hantianl/Documents/PIDIF/runs_2d/rand_channel_small/channel_68/channel_68.msh.h5,/home/hantianl/Documents/PIDIF/runs_2d/rand_channel_small/channel_68/case2d.cas.h5,/home/hantianl/Documents/PIDIF/runs_2d/rand_channel_small/channel_68/pin.txt,/home/hantianl/Documents/PIDIF/runs_2d/rand_channel_small/channel_68/pout.txt,0.1,2.3509964,0.0,2.3509964,0.1,0.1016915,1.2823160263279194,laminar,0.0003711047257840531,True,open_cascade_step_translator_7.5,open_cascade_step_translator_7.3,open_cascade_step_translator_7.2,open_cascade_step_translator_7.4,473.238986492157
channel_69,ok,/home/hantianl/Documents/PIDIF/2d_geometry_specs/rand_channel_small/channel_69.json,/home/hantianl/Documents/PIDIF/2d_geometry_step/rand_channel_small/channel_69.step,/home/hantianl/Documents/PIDIF/runs_2d/rand_channel_small/channel_69/channel_69.msh.h5,/home/hantianl/Documents/PIDIF/runs_2d/rand_channel_small/channel_69/case2d.cas.h5,/home/hantianl/Documents/PIDIF/runs_2d/rand_channel_small/channel_69/pin.txt,/home/hantianl/Documents/PIDIF/runs_2d/rand_channel_small/channel_69/pout.txt,0.1,2.420945,0.0,2.420945,0.099999998,0.10428658,1.406856124937782,laminar,0.00032102206201562605,True,open_cascade_step_translator_7.5,open_cascade_step_translator_7.3,open_cascade_step_translator_7.2,open_cascade_step_translator_7.4,488.3581244945526
channel_70,ok,/home/hantianl/Documents/PIDIF/2d_geometry_specs/rand_channel_small/channel_70.json,/home/hantianl/Documents/PIDIF/2d_geometry_step/rand_channel_small/channel_70.step,/home/hantianl/Documents/PIDIF/runs_2d/rand_channel_small/channel_70/channel_70.msh.h5,/home/hantianl/Documents/PIDIF/runs_2d/rand_channel_small/channel_70/case2d.cas.h5,/home/hantianl/Documents/PIDIF/runs_2d/rand_channel_small/channel_70/pin.txt,/home/hantianl/Documents/PIDIF/runs_2d/rand_channel_small/channel_70/pout.txt,0.1,2.4144125,0.0,2.4144125,0.1,0.10492013,1.3707519471464982,laminar,0.0002887650896162883,True,open_cascade_step_translator_7.5,open_cascade_step_translator_7.3,open_cascade_step_translator_7.2,open_cascade_step_translator_7.4,472.8586459159851
channel_71,ok,/home/hantianl/Documents/PIDIF/2d_geometry_specs/rand_channel_small/channel_71.json,/home/hantianl/Documents/PIDIF/2d_geometry_step/rand_channel_small/channel_71.step,/home/hantianl/Documents/PIDIF/runs_2d/rand_channel_small/channel_71/channel_71.msh.h5,/home/hantianl/Documents/PIDIF/runs_2d/rand_channel_small/channel_71/case2d.cas.h5,/home/hantianl/Documents/PIDIF/runs_2d/rand_channel_small/channel_71/pin.txt,/home/hantianl/Documents/PIDIF/runs_2d/rand_channel_small/channel_71/pout.txt,0.1,2.5178795,0.0,2.5178795,0.099999999,0.092032573,1.3302025626718916,laminar,0.0003448652180659964,True,open_cascade_step_translator_7.5,open_cascade_step_translator_7.3,open_cascade_step_translator_7.2,open_cascade_step_translator_7.4,470.4873161315918
channel_72,ok,/home/hantianl/Documents/PIDIF/2d_geometry_specs/rand_channel_small/channel_72.json,/home/hantianl/Documents/PIDIF/2d_geometry_step/rand_channel_small/channel_72.step,/home/hantianl/Documents/PIDIF/runs_2d/rand_channel_small/channel_72/channel_72.msh.h5,/home/hantianl/Documents/PIDIF/runs_2d/rand_channel_small/channel_72/case2d.cas.h5,/home/hantianl/Documents/PIDIF/runs_2d/rand_channel_small/channel_72/pin.txt,/home/hantianl/Documents/PIDIF/runs_2d/rand_channel_small/channel_72/pout.txt,0.1,2.7042992,0.0,2.7042992,0.1,0.1051106,1.438120346218332,laminar,0.0002549700233571762,True,open_cascade_step_translator_7.5,open_cascade_step_translator_7.3,open_cascade_step_translator_7.2,open_cascade_step_translator_7.4,475.18109822273254
channel_73,ok,/home/hantianl/Documents/PIDIF/2d_geometry_specs/rand_channel_small/channel_73.json,/home/hantianl/Documents/PIDIF/2d_geometry_step/rand_channel_small/channel_73.step,/home/hantianl/Documents/PIDIF/runs_2d/rand_channel_small/channel_73/channel_73.msh.h5,/home/hantianl/Documents/PIDIF/runs_2d/rand_channel_small/channel_73/case2d.cas.h5,/home/hantianl/Documents/PIDIF/runs_2d/rand_channel_small/channel_73/pin.txt,/home/hantianl/Documents/PIDIF/runs_2d/rand_channel_small/channel_73/pout.txt,0.1,2.2107041,0.0,2.2107041,0.1,0.091092725,1.3438066223610465,laminar,0.0003243548287784389,True,open_cascade_step_translator_7.5,open_cascade_step_translator_7.3,open_cascade_step_translator_7.2,open_cascade_step_translator_7.4,484.78342843055725
channel_74,ok,/home/hantianl/Documents/PIDIF/2d_geometry_specs/rand_channel_small/channel_74.json,/home/hantianl/Documents/PIDIF/2d_geometry_step/rand_channel_small/channel_74.step,/home/hantianl/Documents/PIDIF/runs_2d/rand_channel_small/channel_74/channel_74.msh.h5,/home/hantianl/Documents/PIDIF/runs_2d/rand_channel_small/channel_74/case2d.cas.h5,/home/hantianl/Documents/PIDIF/runs_2d/rand_channel_small/channel_74/pin.txt,/home/hantianl/Documents/PIDIF/runs_2d/rand_channel_small/channel_74/pout.txt,0.1,2.1674066,0.0,2.1674066,0.1,0.098296352,1.2481240744515951,laminar,0.0003678212891877463,True,open_cascade_step_translator_7.5,open_cascade_step_translator_7.3,open_cascade_step_translator_7.2,open_cascade_step_translator_7.4,472.5714178085327
channel_75,ok,/home/hantianl/Documents/PIDIF/2d_geometry_specs/rand_channel_small/channel_75.json,/home/hantianl/Documents/PIDIF/2d_geometry_step/rand_channel_small/channel_75.step,/home/hantianl/Documents/PIDIF/runs_2d/rand_channel_small/channel_75/channel_75.msh.h5,/home/hantianl/Documents/PIDIF/runs_2d/rand_channel_small/channel_75/case2d.cas.h5,/home/hantianl/Documents/PIDIF/runs_2d/rand_channel_small/channel_75/pin.txt,/home/hantianl/Documents/PIDIF/runs_2d/rand_channel_small/channel_75/pout.txt,0.1,2.7335895,0.0,2.7335895,0.1,0.099400935,1.4436158366951417,laminar,0.00044964602324287046,True,open_cascade_step_translator_7.5,open_cascade_step_translator_7.3,open_cascade_step_translator_7.2,open_cascade_step_translator_7.4,478.60658860206604
channel_76,ok,/home/hantianl/Documents/PIDIF/2d_geometry_specs/rand_channel_small/channel_76.json,/home/hantianl/Documents/PIDIF/2d_geometry_step/rand_channel_small/channel_76.step,/home/hantianl/Documents/PIDIF/runs_2d/rand_channel_small/channel_76/channel_76.msh.h5,/home/hantianl/Documents/PIDIF/runs_2d/rand_channel_small/channel_76/case2d.cas.h5,/home/hantianl/Documents/PIDIF/runs_2d/rand_channel_small/channel_76/pin.txt,/home/hantianl/Documents/PIDIF/runs_2d/rand_channel_small/channel_76/pout.txt,0.1,2.4569643,0.0,2.4569643,0.099999998,0.11046655,1.4213126784657746,laminar,0.0003351056784649344,True,open_cascade_step_translator_7.5,open_cascade_step_translator_7.3,open_cascade_step_translator_7.2,open_cascade_step_translator_7.4,472.21378111839294
channel_77,ok,/home/hantianl/Documents/PIDIF/2d_geometry_specs/rand_channel_small/channel_77.json,/home/hantianl/Documents/PIDIF/2d_geometry_step/rand_channel_small/channel_77.step,/home/hantianl/Documents/PIDIF/runs_2d/rand_channel_small/channel_77/channel_77.msh.h5,/home/hantianl/Documents/PIDIF/runs_2d/rand_channel_small/channel_77/case2d.cas.h5,/home/hantianl/Documents/PIDIF/runs_2d/rand_channel_small/channel_77/pin.txt,/home/hantianl/Documents/PIDIF/runs_2d/rand_channel_small/channel_77/pout.txt,0.1,2.8748908,0.0,2.8748908,0.1,0.10056106,1.4907014643851677,laminar,2.776798126625483e-05,True,open_cascade_step_translator_7.5,open_cascade_step_translator_7.3,open_cascade_step_translator_7.2,open_cascade_step_translator_7.4,474.09145283699036
channel_78,ok,/home/hantianl/Documents/PIDIF/2d_geometry_specs/rand_channel_small/channel_78.json,/home/hantianl/Documents/PIDIF/2d_geometry_step/rand_channel_small/channel_78.step,/home/hantianl/Documents/PIDIF/runs_2d/rand_channel_small/channel_78/channel_78.msh.h5,/home/hantianl/Documents/PIDIF/runs_2d/rand_channel_small/channel_78/case2d.cas.h5,/home/hantianl/Documents/PIDIF/runs_2d/rand_channel_small/channel_78/pin.txt,/home/hantianl/Documents/PIDIF/runs_2d/rand_channel_small/channel_78/pout.txt,0.1,2.4594097,0.0,2.4594097,0.099999999,0.11486601,1.4892537097586995,laminar,0.0004474842001990357,True,open_cascade_step_translator_7.5,open_cascade_step_translator_7.3,open_cascade_step_translator_7.2,open_cascade_step_translator_7.4,480.5198414325714
channel_79,ok,/home/hantianl/Documents/PIDIF/2d_geometry_specs/rand_channel_small/channel_79.json,/home/hantianl/Documents/PIDIF/2d_geometry_step/rand_channel_small/channel_79.step,/home/hantianl/Documents/PIDIF/runs_2d/rand_channel_small/channel_79/channel_79.msh.h5,/home/hantianl/Documents/PIDIF/runs_2d/rand_channel_small/channel_79/case2d.cas.h5,/home/hantianl/Documents/PIDIF/runs_2d/rand_channel_small/channel_79/pin.txt,/home/hantianl/Documents/PIDIF/runs_2d/rand_channel_small/channel_79/pout.txt,0.1,1.9290715,0.0,1.9290715,0.099999997,0.10214194,1.2838827236375012,laminar,0.0003626677955008434,True,open_cascade_step_translator_7.5,open_cascade_step_translator_7.3,open_cascade_step_translator_7.2,open_cascade_step_translator_7.4,490.9547350406647
channel_80,ok,/home/hantianl/Documents/PIDIF/2d_geometry_specs/rand_channel_small/channel_80.json,/home/hantianl/Documents/PIDIF/2d_geometry_step/rand_channel_small/channel_80.step,/home/hantianl/Documents/PIDIF/runs_2d/rand_channel_small/channel_80/channel_80.msh.h5,/home/hantianl/Documents/PIDIF/runs_2d/rand_channel_small/channel_80/case2d.cas.h5,/home/hantianl/Documents/PIDIF/runs_2d/rand_channel_small/channel_80/pin.txt,/home/hantianl/Documents/PIDIF/runs_2d/rand_channel_small/channel_80/pout.txt,0.1,2.5394743,0.0,2.5394743,0.1,0.095222306,1.3982998724184714,laminar,4.753508555392598e-05,True,open_cascade_step_translator_7.5,open_cascade_step_translator_7.3,open_cascade_step_translator_7.2,open_cascade_step_translator_7.4,475.69548749923706
channel_81,ok,/home/hantianl/Documents/PIDIF/2d_geometry_specs/rand_channel_small/channel_81.json,/home/hantianl/Documents/PIDIF/2d_geometry_step/rand_channel_small/channel_81.step,/home/hantianl/Documents/PIDIF/runs_2d/rand_channel_small/channel_81/channel_81.msh.h5,/home/hantianl/Documents/PIDIF/runs_2d/rand_channel_small/channel_81/case2d.cas.h5,/home/hantianl/Documents/PIDIF/runs_2d/rand_channel_small/channel_81/pin.txt,/home/hantianl/Documents/PIDIF/runs_2d/rand_channel_small/channel_81/pout.txt,0.1,2.398341,0.0,2.398341,0.099999998,0.10116391,1.3777430426704191,laminar,0.0003750661189794871,True,open_cascade_step_translator_7.5,open_cascade_step_translator_7.3,open_cascade_step_translator_7.2,open_cascade_step_translator_7.4,473.84407472610474
channel_82,ok,/home/hantianl/Documents/PIDIF/2d_geometry_specs/rand_channel_small/channel_82.json,/home/hantianl/Documents/PIDIF/2d_geometry_step/rand_channel_small/channel_82.step,/home/hantianl/Documents/PIDIF/runs_2d/rand_channel_small/channel_82/channel_82.msh.h5,/home/hantianl/Documents/PIDIF/runs_2d/rand_channel_small/channel_82/case2d.cas.h5,/home/hantianl/Documents/PIDIF/runs_2d/rand_channel_small/channel_82/pin.txt,/home/hantianl/Documents/PIDIF/runs_2d/rand_channel_small/channel_82/pout.txt,0.1,3.0075095,0.0,3.0075095,0.099999999,0.10182527,1.484704231372142,laminar,0.00016675308186598608,True,open_cascade_step_translator_7.5,open_cascade_step_translator_7.3,open_cascade_step_translator_7.2,open_cascade_step_translator_7.4,465.7283458709717
channel_83,ok,/home/hantianl/Documents/PIDIF/2d_geometry_specs/rand_channel_small/channel_83.json,/home/hantianl/Documents/PIDIF/2d_geometry_step/rand_channel_small/channel_83.step,/home/hantianl/Documents/PIDIF/runs_2d/rand_channel_small/channel_83/channel_83.msh.h5,/home/hantianl/Documents/PIDIF/runs_2d/rand_channel_small/channel_83/case2d.cas.h5,/home/hantianl/Documents/PIDIF/runs_2d/rand_channel_small/channel_83/pin.txt,/home/hantianl/Documents/PIDIF/runs_2d/rand_channel_small/channel_83/pout.txt,0.1,2.2666504,0.0,2.2666504,0.099999999,0.088699122,1.2787302384132646,laminar,0.00010445288385430213,True,open_cascade_step_translator_7.5,open_cascade_step_translator_7.3,open_cascade_step_translator_7.2,open_cascade_step_translator_7.4,473.69101333618164
channel_84,ok,/home/hantianl/Documents/PIDIF/2d_geometry_specs/rand_channel_small/channel_84.json,/home/hantianl/Documents/PIDIF/2d_geometry_step/rand_channel_small/channel_84.step,/home/hantianl/Documents/PIDIF/runs_2d/rand_channel_small/channel_84/channel_84.msh.h5,/home/hantianl/Documents/PIDIF/runs_2d/rand_channel_small/channel_84/case2d.cas.h5,/home/hantianl/Documents/PIDIF/runs_2d/rand_channel_small/channel_84/pin.txt,/home/hantianl/Documents/PIDIF/runs_2d/rand_channel_small/channel_84/pout.txt,0.1,2.5859744,0.0,2.5859744,0.1,0.10379277,1.4030053208477402,laminar,0.00045279776401785084,True,open_cascade_step_translator_7.5,open_cascade_step_translator_7.3,open_cascade_step_translator_7.2,open_cascade_step_translator_7.4,471.52577352523804
channel_85,ok,/home/hantianl/Documents/PIDIF/2d_geometry_specs/rand_channel_small/channel_85.json,/home/hantianl/Documents/PIDIF/2d_geometry_step/rand_channel_small/channel_85.step,/home/hantianl/Documents/PIDIF/runs_2d/rand_channel_small/channel_85/channel_85.msh.h5,/home/hantianl/Documents/PIDIF/runs_2d/rand_channel_small/channel_85/case2d.cas.h5,/home/hantianl/Documents/PIDIF/runs_2d/rand_channel_small/channel_85/pin.txt,/home/hantianl/Documents/PIDIF/runs_2d/rand_channel_small/channel_85/pout.txt,0.1,2.3934261,0.0,2.3934261,0.1,0.10161618,1.3770214561713776,laminar,0.00033194682776195594,True,open_cascade_step_translator_7.5,open_cascade_step_translator_7.3,open_cascade_step_translator_7.2,open_cascade_step_translator_7.4,481.5954520702362
channel_86,ok,/home/hantianl/Documents/PIDIF/2d_geometry_specs/rand_channel_small/channel_86.json,/home/hantianl/Documents/PIDIF/2d_geometry_step/rand_channel_small/channel_86.step,/home/hantianl/Documents/PIDIF/runs_2d/rand_channel_small/channel_86/channel_86.msh.h5,/home/hantianl/Documents/PIDIF/runs_2d/rand_channel_small/channel_86/case2d.cas.h5,/home/hantianl/Documents/PIDIF/runs_2d/rand_channel_small/channel_86/pin.txt,/home/hantianl/Documents/PIDIF/runs_2d/rand_channel_small/channel_86/pout.txt,0.1,2.6741276,0.0,2.6741276,0.1,0.10357658,1.4899560632249371,laminar,0.00023731100384860511,True,open_cascade_step_translator_7.5,open_cascade_step_translator_7.3,open_cascade_step_translator_7.2,open_cascade_step_translator_7.4,489.6852059364319
channel_87,ok,/home/hantianl/Documents/PIDIF/2d_geometry_specs/rand_channel_small/channel_87.json,/home/hantianl/Documents/PIDIF/2d_geometry_step/rand_channel_small/channel_87.step,/home/hantianl/Documents/PIDIF/runs_2d/rand_channel_small/channel_87/channel_87.msh.h5,/home/hantianl/Documents/PIDIF/runs_2d/rand_channel_small/channel_87/case2d.cas.h5,/home/hantianl/Documents/PIDIF/runs_2d/rand_channel_small/channel_87/pin.txt,/home/hantianl/Documents/PIDIF/runs_2d/rand_channel_small/channel_87/pout.txt,0.1,2.1869082,0.0,2.1869082,0.099999999,0.09971087,1.3769897298211398,laminar,0.0003964211037764716,True,open_cascade_step_translator_7.5,open_cascade_step_translator_7.3,open_cascade_step_translator_7.2,open_cascade_step_translator_7.4,493.22688388824463
channel_88,ok,/home/hantianl/Documents/PIDIF/2d_geometry_specs/rand_channel_small/channel_88.json,/home/hantianl/Documents/PIDIF/2d_geometry_step/rand_channel_small/channel_88.step,/home/hantianl/Documents/PIDIF/runs_2d/rand_channel_small/channel_88/channel_88.msh.h5,/home/hantianl/Documents/PIDIF/runs_2d/rand_channel_small/channel_88/case2d.cas.h5,/home/hantianl/Documents/PIDIF/runs_2d/rand_channel_small/channel_88/pin.txt,/home/hantianl/Documents/PIDIF/runs_2d/rand_channel_small/channel_88/pout.txt,0.1,2.7235937,0.0,2.7235937,0.1,0.10867237,1.3544642594749172,laminar,0.0004638295325933568,True,open_cascade_step_translator_7.5,open_cascade_step_translator_7.3,open_cascade_step_translator_7.2,open_cascade_step_translator_7.4,458.42674016952515
channel_89,ok,/home/hantianl/Documents/PIDIF/2d_geometry_specs/rand_channel_small/channel_89.json,/home/hantianl/Documents/PIDIF/2d_geometry_step/rand_channel_small/channel_89.step,/home/hantianl/Documents/PIDIF/runs_2d/rand_channel_small/channel_89/channel_89.msh.h5,/home/hantianl/Documents/PIDIF/runs_2d/rand_channel_small/channel_89/case2d.cas.h5,/home/hantianl/Documents/PIDIF/runs_2d/rand_channel_small/channel_89/pin.txt,/home/hantianl/Documents/PIDIF/runs_2d/rand_channel_small/channel_89/pout.txt,0.1,2.2602435,0.0,2.2602435,0.099999998,0.090364898,1.2352733445905382,laminar,0.000348292298392833,True,open_cascade_step_translator_7.5,open_cascade_step_translator_7.3,open_cascade_step_translator_7.2,open_cascade_step_translator_7.4,476.68860054016113
channel_90,ok,/home/hantianl/Documents/PIDIF/2d_geometry_specs/rand_channel_small/channel_90.json,/home/hantianl/Documents/PIDIF/2d_geometry_step/rand_channel_small/channel_90.step,/home/hantianl/Documents/PIDIF/runs_2d/rand_channel_small/channel_90/channel_90.msh.h5,/home/hantianl/Documents/PIDIF/runs_2d/rand_channel_small/channel_90/case2d.cas.h5,/home/hantianl/Documents/PIDIF/runs_2d/rand_channel_small/channel_90/pin.txt,/home/hantianl/Documents/PIDIF/runs_2d/rand_channel_small/channel_90/pout.txt,0.1,2.4593742,0.0,2.4593742,0.099999997,0.1031973,1.3994064705334026,laminar,0.00033029467065272397,True,open_cascade_step_translator_7.5,open_cascade_step_translator_7.3,open_cascade_step_translator_7.2,open_cascade_step_translator_7.4,476.8935270309448
channel_91,ok,/home/hantianl/Documents/PIDIF/2d_geometry_specs/rand_channel_small/channel_91.json,/home/hantianl/Documents/PIDIF/2d_geometry_step/rand_channel_small/channel_91.step,/home/hantianl/Documents/PIDIF/runs_2d/rand_channel_small/channel_91/channel_91.msh.h5,/home/hantianl/Documents/PIDIF/runs_2d/rand_channel_small/channel_91/case2d.cas.h5,/home/hantianl/Documents/PIDIF/runs_2d/rand_channel_small/channel_91/pin.txt,/home/hantianl/Documents/PIDIF/runs_2d/rand_channel_small/channel_91/pout.txt,0.1,2.3227732,0.0,2.3227732,0.1,0.1037788,1.4411978626470365,laminar,1.0442659127096593e-05,True,open_cascade_step_translator_7.5,open_cascade_step_translator_7.3,open_cascade_step_translator_7.2,open_cascade_step_translator_7.4,489.8859632015228
channel_92,ok,/home/hantianl/Documents/PIDIF/2d_geometry_specs/rand_channel_small/channel_92.json,/home/hantianl/Documents/PIDIF/2d_geometry_step/rand_channel_small/channel_92.step,/home/hantianl/Documents/PIDIF/runs_2d/rand_channel_small/channel_92/channel_92.msh.h5,/home/hantianl/Documents/PIDIF/runs_2d/rand_channel_small/channel_92/case2d.cas.h5,/home/hantianl/Documents/PIDIF/runs_2d/rand_channel_small/channel_92/pin.txt,/home/hantianl/Documents/PIDIF/runs_2d/rand_channel_small/channel_92/pout.txt,0.1,2.4075704,0.0,2.4075704,0.099999997,0.10272782,1.333298490858968,laminar,0.0003552108728010334,True,open_cascade_step_translator_7.5,open_cascade_step_translator_7.3,open_cascade_step_translator_7.2,open_cascade_step_translator_7.4,475.688844203949
channel_93,ok,/home/hantianl/Documents/PIDIF/2d_geometry_specs/rand_channel_small/channel_93.json,/home/hantianl/Documents/PIDIF/2d_geometry_step/rand_channel_small/channel_93.step,/home/hantianl/Documents/PIDIF/runs_2d/rand_channel_small/channel_93/channel_93.msh.h5,/home/hantianl/Documents/PIDIF/runs_2d/rand_channel_small/channel_93/case2d.cas.h5,/home/hantianl/Documents/PIDIF/runs_2d/rand_channel_small/channel_93/pin.txt,/home/hantianl/Documents/PIDIF/runs_2d/rand_channel_small/channel_93/pout.txt,0.1,2.2601645,0.0,2.2601645,0.099999997,0.10783021,1.3624118026299172,laminar,0.0003315309060668711,True,open_cascade_step_translator_7.5,open_cascade_step_translator_7.3,open_cascade_step_translator_7.2,open_cascade_step_translator_7.4,496.04782032966614
channel_94,ok,/home/hantianl/Documents/PIDIF/2d_geometry_specs/rand_channel_small/channel_94.json,/home/hantianl/Documents/PIDIF/2d_geometry_step/rand_channel_small/channel_94.step,/home/hantianl/Documents/PIDIF/runs_2d/rand_channel_small/channel_94/channel_94.msh.h5,/home/hantianl/Documents/PIDIF/runs_2d/rand_channel_small/channel_94/case2d.cas.h5,/home/hantianl/Documents/PIDIF/runs_2d/rand_channel_small/channel_94/pin.txt,/home/hantianl/Documents/PIDIF/runs_2d/rand_channel_small/channel_94/pout.txt,0.1,2.6674883,0.0,2.6674883,0.1,0.10264915,1.3751645540390856,laminar,0.00026416566590075616,True,open_cascade_step_translator_7.5,open_cascade_step_translator_7.3,open_cascade_step_translator_7.2,open_cascade_step_translator_7.4,479.01401948928833
channel_95,ok,/home/hantianl/Documents/PIDIF/2d_geometry_specs/rand_channel_small/channel_95.json,/home/hantianl/Documents/PIDIF/2d_geometry_step/rand_channel_small/channel_95.step,/home/hantianl/Documents/PIDIF/runs_2d/rand_channel_small/channel_95/channel_95.msh.h5,/home/hantianl/Documents/PIDIF/runs_2d/rand_channel_small/channel_95/case2d.cas.h5,/home/hantianl/Documents/PIDIF/runs_2d/rand_channel_small/channel_95/pin.txt,/home/hantianl/Documents/PIDIF/runs_2d/rand_channel_small/channel_95/pout.txt,0.1,2.4780099,0.0,2.4780099,0.1,0.11015539,1.490319706547545,laminar,0.0003414833643476258,True,open_cascade_step_translator_7.5,open_cascade_step_translator_7.3,open_cascade_step_translator_7.2,open_cascade_step_translator_7.4,487.16801953315735
channel_96,ok,/home/hantianl/Documents/PIDIF/2d_geometry_specs/rand_channel_small/channel_96.json,/home/hantianl/Documents/PIDIF/2d_geometry_step/rand_channel_small/channel_96.step,/home/hantianl/Documents/PIDIF/runs_2d/rand_channel_small/channel_96/channel_96.msh.h5,/home/hantianl/Documents/PIDIF/runs_2d/rand_channel_small/channel_96/case2d.cas.h5,/home/hantianl/Documents/PIDIF/runs_2d/rand_channel_small/channel_96/pin.txt,/home/hantianl/Documents/PIDIF/runs_2d/rand_channel_small/channel_96/pout.txt,0.1,2.463526,0.0,2.463526,0.1,0.090974373,1.3622944282290688,laminar,0.00016190284307409598,True,open_cascade_step_translator_7.5,open_cascade_step_translator_7.3,open_cascade_step_translator_7.2,open_cascade_step_translator_7.4,488.93373942375183
channel_97,ok,/home/hantianl/Documents/PIDIF/2d_geometry_specs/rand_channel_small/channel_97.json,/home/hantianl/Documents/PIDIF/2d_geometry_step/rand_channel_small/channel_97.step,/home/hantianl/Documents/PIDIF/runs_2d/rand_channel_small/channel_97/channel_97.msh.h5,/home/hantianl/Documents/PIDIF/runs_2d/rand_channel_small/channel_97/case2d.cas.h5,/home/hantianl/Documents/PIDIF/runs_2d/rand_channel_small/channel_97/pin.txt,/home/hantianl/Documents/PIDIF/runs_2d/rand_channel_small/channel_97/pout.txt,0.1,2.5533186,0.0,2.5533186,0.1,0.092121825,1.3147906069033708,laminar,0.00038593046060835266,True,open_cascade_step_translator_7.5,open_cascade_step_translator_7.3,open_cascade_step_translator_7.2,open_cascade_step_translator_7.4,470.40440917015076
channel_98,ok,/home/hantianl/Documents/PIDIF/2d_geometry_specs/rand_channel_small/channel_98.json,/home/hantianl/Documents/PIDIF/2d_geometry_step/rand_channel_small/channel_98.step,/home/hantianl/Documents/PIDIF/runs_2d/rand_channel_small/channel_98/channel_98.msh.h5,/home/hantianl/Documents/PIDIF/runs_2d/rand_channel_small/channel_98/case2d.cas.h5,/home/hantianl/Documents/PIDIF/runs_2d/rand_channel_small/channel_98/pin.txt,/home/hantianl/Documents/PIDIF/runs_2d/rand_channel_small/channel_98/pout.txt,0.1,2.0928064,0.0,2.0928064,0.099999996,0.09206467,1.2680609689234719,laminar,0.0004224886667430298,True,open_cascade_step_translator_7.5,open_cascade_step_translator_7.3,open_cascade_step_translator_7.2,open_cascade_step_translator_7.4,480.2368004322052
channel_99,ok,/home/hantianl/Documents/PIDIF/2d_geometry_specs/rand_channel_small/channel_99.json,/home/hantianl/Documents/PIDIF/2d_geometry_step/rand_channel_small/channel_99.step,/home/hantianl/Documents/PIDIF/runs_2d/rand_channel_small/channel_99/channel_99.msh.h5,/home/hantianl/Documents/PIDIF/runs_2d/rand_channel_small/channel_99/case2d.cas.h5,/home/hantianl/Documents/PIDIF/runs_2d/rand_channel_small/channel_99/pin.txt,/home/hantianl/Documents/PIDIF/runs_2d/rand_channel_small/channel_99/pout.txt,0.1,2.6229241,0.0,2.6229241,0.099999999,0.087096736,1.308753679756393,laminar,0.00017062093939918622,True,open_cascade_step_translator_7.5,open_cascade_step_translator_7.3,open_cascade_step_translator_7.2,open_cascade_step_translator_7.4,469.08709621429443
