case,geometry_spec,target_geometry_file,L_mm,AR,channel_length_mm,x_points_mm,deltas_mm,inlet_height_mm,Uin_mps
channel_00,/home/hantianl/Documents/PIDIF/2d_geometry_specs/channel_water/channel_00.json,/home/hantianl/Documents/PIDIF/2d_geometry_step/channel_water/channel_00.step,0.1,10,1.0,"[0.0, 0.12460249274666332, 0.2026237006334107, 0.25211266708032665, 0.32861970186754613, 0.4048972918270962, 0.441746554900947, 0.8359064593997405, 0.9324525234388781, 0.9717293561512613, 1.0]","[0.0, -0.0008187479652058171, 0.0005560583795755384, 0.0019379564394724725, -0.004527583384644212, 0.004599740866892965, 0.000589773082717091, 4.9527151679888866e-05, 0.002842770967777781, 0.0018726881245149625, 0.0]",0.1,1.0
channel_01,/home/hantianl/Documents/PIDIF/2d_geometry_specs/channel_water/channel_01.json,/home/hantianl/Documents/PIDIF/2d_geometry_step/channel_water/channel_01.step,0.1,10,1.0,"[0.0, 0.0371083058205342, 0.1256624063694241, 0.337579730297562, 0.4293955804077412, 0.4522977897001715, 0.651386558749771, 0.6763078883685162, 0.7787352436979658, 0.800905857005716, 1.0]","[0.0, -0.0025962301462021226, 0.0040940365892788745, -0.004557144295217752, 0.0006941454446582366, -0.00022140454801565426, 0.004220314747440064, -0.0007640986317119349, -0.002769089284145109, -0.00037394281839112607, 0.0]",0.1,1.0
channel_02,/home/hantianl/Documents/PIDIF/2d_geometry_specs/channel_water/channel_02.json,/home/hantianl/Documents/PIDIF/2d_geometry_step/channel_water/channel_02.step,0.1,10,1.0,"[0.0, 0.04781229246298206, 0.14788327584088895, 0.20437118415310218, 0.2897126185472958, 0.317260258223699, 0.5195951808823722, 0.5720340407068806, 0.5975731678567372, 0.9208996993969287, 1.0]","[0.0, -0.002511194078266606, -0.002210253732888298, 0.0007776935531435989, 0.0026417225918900647, 0.0019593697687198637, 0.0004903595349626281, 0.00036215880891285294, 0.0037667957527675513, -0.0027474669561081515, 0.0]",0.1,1.0
channel_03,/home/hantianl/Documents/PIDIF/2d_geometry_specs/channel_water/channel_03.json,/home/hantianl/Documents/PIDIF/2d_geometry_step/channel_water/channel_03.step,0.1,10,1.0,"[0.0, 0.12508055641359958, 0.34309097500370145, 0.4366740879936784, 0.6372081526653061, 0.7208811968653576, 0.7895393744059425, 0.8460841969427548, 0.9101003923582551, 0.9355540650364983, 1.0]","[0.0, 0.0036273766144413466, 0.003626016928124377, -0.0022380474512303586, -3.4960081363665484e-05, 0.0023920097653192703, -0.0004795095392461828, -0.0021569097451419198, 0.0038172879824713048, 0.004987131868319951, 0.0]",0.1,1.0
channel_04,/home/hantianl/Documents/PIDIF/2d_geometry_specs/channel_water/channel_04.json,/home/hantianl/Documents/PIDIF/2d_geometry_step/channel_water/channel_04.step,0.1,10,1.0,"[0.0, 0.06296569765557428, 0.1959841855861132, 0.32145571894998004, 0.47053097462194043, 0.6064254908086236, 0.6510432987507094, 0.7155272913627827, 0.7794408841386348, 0.9632155431320595, 1.0]","[0.0, 0.003983873284486598, 0.0009733552916875053, 0.0005960060446994651, 7.67664029587391e-05, 0.003110922604151665, 0.0004186384542165236, 0.002418716239779407, 0.0031889393253456723, 0.0014344147688232743, 0.0]",0.1,1.0
channel_05,/home/hantianl/Documents/PIDIF/2d_geometry_specs/channel_water/channel_05.json,/home/hantianl/Documents/PIDIF/2d_geometry_step/channel_water/channel_05.step,0.1,10,1.0,"[0.0, 0.035343425895834155, 0.07688530057082617, 0.19585550494193982, 0.4765984227860618, 0.5269887004728638, 0.5574092847354672, 0.6331385376703895, 0.7159631026445836, 0.7831891071320867, 1.0]","[0.0, 0.0011677385500726868, -0.002087414672648968, 0.003856543905078993, 0.0010344608167278191, 0.0015333611887646832, -0.00398522141092524, 1.5302655479713934e-05, 0.0015623667849778743, -0.0031810455291935253, 0.0]",0.1,1.0
channel_06,/home/hantianl/Documents/PIDIF/2d_geometry_specs/channel_water/channel_06.json,/home/hantianl/Documents/PIDIF/2d_geometry_step/channel_water/channel_06.step,0.1,10,1.0,"[0.0, 0.06112882022006804, 0.21216987990799313, 0.24885221613973768, 0.27113343877416707, 0.3976909377471304, 0.47442724597897123, 0.6322960718686887, 0.9009079581125692, 0.9430558658383748, 1.0]","[0.0, 0.0002847388175274794, 0.004025493389569609, 0.004549815320337009, -0.003982898594366775, -0.0037489801508102565, 0.0017209172691532533, 0.0033826565327236564, 0.0023247470258845934, -0.004461188449869557, 0.0]",0.1,1.0
channel_07,/home/hantianl/Documents/PIDIF/2d_geometry_specs/channel_water/channel_07.json,/home/hantianl/Documents/PIDIF/2d_geometry_step/channel_water/channel_07.step,0.1,10,1.0,"[0.0, 0.07478325520337539, 0.12809592298083997, 0.18676388827756038, 0.3391288251469494, 0.4109199706652896, 0.6056574272565083, 0.8263776219737402, 0.8471768009193379, 0.8748219854917798, 1.0]","[0.0, 0.0014406477955637067, 0.002240376591205977, 0.003182358642269791, -0.001324255976712008, -0.004865445946757238, 0.0030770521174481678, -0.001675858880591931, -0.004492023971146458, -0.004123824671879547, 0.0]",0.1,1.0
channel_08,/home/hantianl/Documents/PIDIF/2d_geometry_specs/channel_water/channel_08.json,/home/hantianl/Documents/PIDIF/2d_geometry_step/channel_water/channel_08.step,0.1,10,1.0,"[0.0, 0.03219593687155826, 0.3458705413938711, 0.41422542256064293, 0.4950205003105107, 0.5890429602861604, 0.6610801905698876, 0.7682352338811687, 0.8572067836048795, 0.9456452368435436, 1.0]","[0.0, 0.0018208898440516463, -0.0038907793035873528, -0.003668281500506426, 0.0010488368748859623, -0.0015292224854971995, -0.0005712538694693774, -0.0037357933210485804, 0.0011754796729637395, 0.0003695122309287594, 0.0]",0.1,1.0
channel_09,/home/hantianl/Documents/PIDIF/2d_geometry_specs/channel_water/channel_09.json,/home/hantianl/Documents/PIDIF/2d_geometry_step/channel_water/channel_09.step,0.1,10,1.0,"[0.0, 0.062196943826835445, 0.20927464081768327, 0.37668944622698625, 0.41152306074790823, 0.4874827067235768, 0.634852451671426, 0.7271544856187195, 0.8813105155318604, 0.9274638111194148, 1.0]","[0.0, 0.0005246286020776985, -0.002963041002032643, 0.003955035922146298, 0.003313203503948075, -0.003223482336401737, 0.0003651267204202767, 1.1829658115605074e-05, -0.004559316489303051, 0.0031943283609211486, 0.0]",0.1,1.0
channel_10,/home/hantianl/Documents/PIDIF/2d_geometry_specs/channel_water/channel_10.json,/home/hantianl/Documents/PIDIF/2d_geometry_step/channel_water/channel_10.step,0.1,10,1.0,"[0.0, 0.050115241664996146, 0.14821160770360442, 0.2884327236236587, 0.31311569358209196, 0.5590623720948641, 0.5822580399121084, 0.6995996405305462, 0.8269022991632883, 0.9084740768796624, 1.0]","[0.0, -0.0006054312709371469, -0.00049486948668492, 0.00305812984480029, -0.0013147486890303485, -0.00013352610307593594, 0.0003399683911497562, -0.000935346734421914, 0.004005087789909285, -0.0037332789743704737, 0.0]",0.1,1.0
channel_11,/home/hantianl/Documents/PIDIF/2d_geometry_specs/channel_water/channel_11.json,/home/hantianl/Documents/PIDIF/2d_geometry_step/channel_water/channel_11.step,0.1,10,1.0,"[0.0, 0.19267850111478407, 0.24650194939543885, 0.2727926584089071, 0.31406578970850624, 0.5891030878004507, 0.6866290313360496, 0.764139531075793, 0.810616531385757, 0.8427010780080013, 1.0]","[0.0, -0.002691397636055813, -0.0032260619766526816, 0.0012758187469919914, 0.0007864234601815956, -0.0005273469517458667, 0.0033004422420694988, 0.001053825139700845, -0.0009548585162422333, -0.0013742791289441817, 0.0]",0.1,1.0
channel_12,/home/hantianl/Documents/PIDIF/2d_geometry_specs/channel_water/channel_12.json,/home/hantianl/Documents/PIDIF/2d_geometry_step/channel_water/channel_12.step,0.1,10,1.0,"[0.0, 0.0746754625964437, 0.12786017827185836, 0.24618358108294908, 0.3040392743290175, 0.3285604612556798, 0.44318043577695004, 0.5695482094769695, 0.5963986289698204, 0.9640810930854874, 1.0]","[0.0, 0.0029734081092642143, -0.002653868805794199, -0.0019323926896857493, 0.001528536701116692, -0.0008382783703303224, -0.004228350737747237, 0.0012845039662376023, 0.000325432123528111, -0.002383676802171622, 0.0]",0.1,1.0
channel_13,/home/hantianl/Documents/PIDIF/2d_geometry_specs/channel_water/channel_13.json,/home/hantianl/Documents/PIDIF/2d_geometry_step/channel_water/channel_13.step,0.1,10,1.0,"[0.0, 0.12453816331525984, 0.2248538680467176, 0.2575796036636488, 0.3073279971412789, 0.42332301594076116, 0.5914224067180405, 0.6160587605008474, 0.6733700142408618, 0.7758054591994195, 1.0]","[0.0, 0.0016381748462839891, 0.004477204943073616, 0.0016915621380476503, 0.0028553765755031935, 0.0025370654558974385, 0.0031560393582106255, -0.003185271437678703, -0.0005678808866841703, -0.0009132826311856815, 0.0]",0.1,1.0
channel_14,/home/hantianl/Documents/PIDIF/2d_geometry_specs/channel_water/channel_14.json,/home/hantianl/Documents/PIDIF/2d_geometry_step/channel_water/channel_14.step,0.1,10,1.0,"[0.0, 0.04452344603420358, 0.2913676229684835, 0.43609309598246104, 0.4690527886781048, 0.4938265696555189, 0.6320015388687719, 0.7144218825077089, 0.8368947989482399, 0.8923866833079455, 1.0]","[0.0, 0.003915275303889132, -0.0027256951537192593, 0.00261394169462182, -0.003654297584170902, 0.004659446691753451, 0.0008153434315761737, 0.0015821485961344667, -0.0008187186676993363, -0.0030295778395272683, 0.0]",0.1,1.0
channel_15,/home/hantianl/Documents/PIDIF/2d_geometry_specs/channel_water/channel_15.json,/home/hantianl/Documents/PIDIF/2d_geometry_step/channel_water/channel_15.step,0.1,10,1.0,"[0.0, 0.11620243306858732, 0.24473275931248709, 0.3734691897746186, 0.3938808582072945, 0.5842229070666587, 0.6448085659816464, 0.7508191965920687, 0.7750658856532122, 0.9670310984139763, 1.0]","[0.0, 0.0014569711875238884, 0.0022311218366054125, 0.0018401873453095232, -0.0008052045512348298, 0.0037377112515752584, -0.003148136990034582, 0.0024810965046259993, -0.0009528341129824217, 0.002626342100377898, 0.0]",0.1,1.0
channel_16,/home/hantianl/Documents/PIDIF/2d_geometry_specs/channel_water/channel_16.json,/home/hantianl/Documents/PIDIF/2d_geometry_step/channel_water/channel_16.step,0.1,10,1.0,"[0.0, 0.07036651025840171, 0.1578361003646361, 0.25068184016820844, 0.27612171983627687, 0.4655322489345993, 0.4992291893861472, 0.525395716816366, 0.630962968526526, 0.8670522520645776, 1.0]","[0.0, -0.002505619252327004, 0.003448300417565211, -0.000166789415382969, 0.000853281956147701, 0.0007717570995710056, -0.002055003705506499, -0.004161313126781527, 0.0031941547062698875, 0.0038701232160415298, 0.0]",0.1,1.0
channel_17,/home/hantianl/Documents/PIDIF/2d_geometry_specs/channel_water/channel_17.json,/home/hantianl/Documents/PIDIF/2d_geometry_step/channel_water/channel_17.step,0.1,10,1.0,"[0.0, 0.26209929540025956, 0.32835643113669466, 0.44481142146146746, 0.5534779631969999, 0.5743600516024813, 0.6518850160588521, 0.7844166318241241, 0.8843252965993752, 0.9288932819847291, 1.0]","[0.0, 0.0028594331657874686, 0.0033747005764180726, -0.004910522841333111, 0.002859005358425133, 0.0019540438490512207, 0.004083315836450439, -0.0043501271813649964, -0.003777110029214625, 0.004472911842660273, 0.0]",0.1,1.0
channel_18,/home/hantianl/Documents/PIDIF/2d_geometry_specs/channel_water/channel_18.json,/home/hantianl/Documents/PIDIF/2d_geometry_step/channel_water/channel_18.step,0.1,10,1.0,"[0.0, 0.029467625315102088, 0.5042757537752873, 0.5572802446132885, 0.6090162700352592, 0.6329419633013599, 0.6584379522097292, 0.7263093142203679, 0.8236149112861921, 0.9242661521743869, 1.0]","[0.0, 0.0028246127573309, 0.0031944484448449186, 4.37970370819633e-05, -0.0024679914255043593, -0.0025180166209408565, -0.002593016363858996, 0.0019485932897042946, 0.003510476212750656, 0.0018080083135537262, 0.0]",0.1,1.0
channel_19,/home/hantianl/Documents/PIDIF/2d_geometry_specs/channel_water/channel_19.json,/home/hantianl/Documents/PIDIF/2d_geometry_step/channel_water/channel_19.step,0.1,10,1.0,"[0.0, 0.11032075085781753, 0.14047113041088835, 0.17262295060765256, 0.21304739429262695, 0.2360452380663443, 0.48634551345889887, 0.6004897896681117, 0.8331310973588666, 0.8685751565327064, 1.0]","[0.0, 0.004560185570214039, 0.001735175179848481, -0.0045878125432157945, -0.0023059274670955638, 0.003595650541183687, -0.004152901013039745, -0.003539998281357743, 0.0018746800800648706, 0.002493061949407697, 0.0]",0.1,1.0
channel_20,/home/hantianl/Documents/PIDIF/2d_geometry_specs/channel_water/channel_20.json,/home/hantianl/Documents/PIDIF/2d_geometry_step/channel_water/channel_20.step,0.1,10,1.0,"[0.0, 0.20335073437860024, 0.27959049130528524, 0.3540669733141628, 0.40160568145898884, 0.44765395137721786, 0.5002747829909197, 0.7435778402675643, 0.840654730629935, 0.8711592208989857, 1.0]","[0.0, -0.0016677125569509034, 0.00012469039065258168, 0.0035697759273492467, -0.004556284185655073, -0.0003017795426434348, -0.0025094445151168927, 0.0017205464888846384, 0.00157657942486596, -0.0006970883303293986, 0.0]",0.1,1.0
channel_21,/home/hantianl/Documents/PIDIF/2d_geometry_specs/channel_water/channel_21.json,/home/hantianl/Documents/PIDIF/2d_geometry_step/channel_water/channel_21.step,0.1,10,1.0,"[0.0, 0.05431637504457769, 0.08811871879154252, 0.11956138818741566, 0.24161391260307197, 0.348247157526856, 0.4702535417081578, 0.8539135061562475, 0.9313741106012583, 0.9717699838404845, 1.0]","[0.0, 0.001142872188970464, -0.003935443784558985, 0.002615880277917369, -0.0034515925421013697, 0.004065562443670803, -0.0014159184256433257, 0.0009246254211677423, -0.0032493116039695484, -0.0022863872157415648, 0.0]",0.1,1.0
channel_22,/home/hantianl/Documents/PIDIF/2d_geometry_specs/channel_water/channel_22.json,/home/hantianl/Documents/PIDIF/2d_geometry_step/channel_water/channel_22.step,0.1,10,1.0,"[0.0, 0.09881483035541423, 0.20241825046883294, 0.3204250038940683, 0.35327906349983673, 0.46537367807892577, 0.5242094446887658, 0.5488145613344901, 0.8609776690660059, 0.9361159005395324, 1.0]","[0.0, 0.002541865313532398, -0.0006453935564675493, -0.0030635254009765385, -0.0033916033019813835, -0.0006161473487161784, -0.004040360399616068, -0.000729695488523318, -0.0014573749269745219, -0.0006548152275122187, 0.0]",0.1,1.0
channel_23,/home/hantianl/Documents/PIDIF/2d_geometry_specs/channel_water/channel_23.json,/home/hantianl/Documents/PIDIF/2d_geometry_step/channel_water/channel_23.step,0.1,10,1.0,"[0.0, 0.2168440179018697, 0.3311348908067094, 0.4471248792969643, 0.5069261125311778, 0.5347792248670591, 0.5666606241646447, 0.6265307728051387, 0.660704973302221, 0.9611382499981646, 1.0]","[0.0, 0.0017533751389216734, 0.0018424850885025582, 0.0042279281560733285, -0.003601408534935818, 0.004413580217255596, 0.0017798056307086769, -0.004603439541566992, -0.00485613029752375, -0.0032445661428854786, 0.0]",0.1,1.0
channel_24,/home/hantianl/Documents/PIDIF/2d_geometry_specs/channel_water/channel_24.json,/home/hantianl/Documents/PIDIF/2d_geometry_step/channel_water/channel_24.step,0.1,10,1.0,"[0.0, 0.0554949315357841, 0.15953397136890698, 0.2127047974666825, 0.3143693112265601, 0.3710912947259377, 0.4955145086317673, 0.710877393382479, 0.7447758159707842, 0.8769698224305111, 1.0]","[0.0, 0.003862049790496364, 5.2751470409874435e-05, -0.002937851428929112, 0.004650795655661552, 0.0030166659491924087, -0.0008472340272693826, -0.004833068588517645, -0.002694313496773741, -0.0028524559241705945, 0.0]",0.1,1.0
channel_25,/home/hantianl/Documents/PIDIF/2d_geometry_specs/channel_water/channel_25.json,/home/hantianl/Documents/PIDIF/2d_geometry_step/channel_water/channel_25.step,0.1,10,1.0,"[0.0, 0.19385116600253177, 0.2949444491672858, 0.354505507370931, 0.41160570620103437, 0.514077070216571, 0.6002542090168169, 0.6575714010217004, 0.74387313512335, 0.8259622884220539, 1.0]","[0.0, -0.00047475329719672086, 0.00028220868881587233, 0.004146607780035141, 0.0021215415469539502, -0.0036526138657283595, -0.0034228835814254306, -0.004126205358617876, 8.143833591142766e-05, 0.002801320906621902, 0.0]",0.1,1.0
channel_26,/home/hantianl/Documents/PIDIF/2d_geometry_specs/channel_water/channel_26.json,/home/hantianl/Documents/PIDIF/2d_geometry_step/channel_water/channel_26.step,0.1,10,1.0,"[0.0, 0.1173508628568398, 0.16405784955745134, 0.3163989121872641, 0.3477951360849838, 0.5197862569597669, 0.5862015210792543, 0.6323681285286489, 0.83945933003358, 0.8798786635455089, 1.0]","[0.0, -0.00391665603037649, 0.0004460251141283648, -0.0020865172875645893, 0.0025114996484829084, -0.0017403760006838645, 0.0006676539596043628, -0.002559469900490047, -0.0022298872779497594, 0.0006067961415845346, 0.0]",0.1,1.0
channel_27,/home/hantianl/Documents/PIDIF/2d_geometry_specs/channel_water/channel_27.json,/home/hantianl/Documents/PIDIF/2d_geometry_step/channel_water/channel_27.step,0.1,10,1.0,"[0.0, 0.034724597159799614, 0.09496928837223478, 0.12471246640908824, 0.15080405097634866, 0.26307790038758083, 0.4712111219908873, 0.5753004978418552, 0.6494073121067073, 0.6862347825257386, 1.0]","[0.0, -0.0034357740969885274, -0.000582694742787741, -0.0017459466020890851, -0.0034571205252034547, -0.0013299858344514664, 0.0008600252199161005, 0.0008984847412477313, -0.004458244442532696, 0.004642565986092098, 0.0]",0.1,1.0
channel_28,/home/hantianl/Documents/PIDIF/2d_geometry_specs/channel_water/channel_28.json,/home/hantianl/Documents/PIDIF/2d_geometry_step/channel_water/channel_28.step,0.1,10,1.0,"[0.0, 0.020882927937433016, 0.0436456183682184, 0.11371344402341513, 0.36351705167491766, 0.3989367755965759, 0.5374777772657207, 0.6506314426911638, 0.8482823066674905, 0.9781775138433833, 1.0]","[0.0, -0.002836672488382385, -0.0016400934212955545, 0.0026172706856485966, -0.0023417286625350923, -0.0028272537132357275, 0.0012273259687578053, 0.0015761020656057025, -0.0029793592023978316, 0.004566625703701928, 0.0]",0.1,1.0
channel_29,/home/hantianl/Documents/PIDIF/2d_geometry_specs/channel_water/channel_29.json,/home/hantianl/Documents/PIDIF/2d_geometry_step/channel_water/channel_29.step,0.1,10,1.0,"[0.0, 0.07580667851825126, 0.09700258625531738, 0.1459879027951668, 0.361973014423988, 0.5614646869993134, 0.7600808635390838, 0.8197423083336152, 0.879322798199534, 0.943261138831037, 1.0]","[0.0, 0.003325188028633637, 0.004414750909053933, 2.3183158223804255e-05, 0.004550878084582082, -0.0046129426966045025, 0.0037090852377256994, 0.000837667334834276, 0.0035380827601074905, 0.003958925815609844, 0.0]",0.1,1.0
channel_30,/home/hantianl/Documents/PIDIF/2d_geometry_specs/channel_water/channel_30.json,/home/hantianl/Documents/PIDIF/2d_geometry_step/channel_water/channel_30.step,0.1,10,1.0,"[0.0, 0.10309553491624537, 0.17330587060147148, 0.3090423030807491, 0.38599778676129515, 0.4215142945553088, 0.47799249487643386, 0.5992944437987424, 0.6373981095086362, 0.9568681861921592, 1.0]","[0.0, 0.003473648788367657, -0.0004776124042480956, 0.0032939747561064533, -0.0038773895959144473, -0.0013409776933793242, -0.0007546716961207359, 0.0025842777147138344, -0.004007076587555751, 0.0003444618520358324, 0.0]",0.1,1.0
channel_31,/home/hantianl/Documents/PIDIF/2d_geometry_specs/channel_water/channel_31.json,/home/hantianl/Documents/PIDIF/2d_geometry_step/channel_water/channel_31.step,0.1,10,1.0,"[0.0, 0.14509409060805378, 0.2215403384638799, 0.28209083162577026, 0.3580837383901204, 0.398813733579437, 0.5064154853316362, 0.5448825986302961, 0.6298631855626979, 0.85552318884709, 1.0]","[0.0, -0.0025542083755369567, -0.0029110796258444756, 0.000697239834886179, 0.0018082514504874072, -0.004526430394569904, 0.0011731563584163962, -0.0032385072820944787, -0.0015497354303439684, 0.0015901784401741049, 0.0]",0.1,1.0
channel_32,/home/hantianl/Documents/PIDIF/2d_geometry_specs/channel_water/channel_32.json,/home/hantianl/Documents/PIDIF/2d_geometry_step/channel_water/channel_32.step,0.1,10,1.0,"[0.0, 0.25475294204979065, 0.3455718217162129, 0.4008154289199739, 0.590946349713156, 0.6348540049108776, 0.7425941402320251, 0.7694652517677751, 0.8044652663190656, 0.9706618380689105, 1.0]","[0.0, -0.003991474088646258, -0.0012860963291628138, -0.0033928759879101873, -0.0029153405438194528, -0.00029751409653041606, 0.002374221015116555, -0.00017524426574015792, -0.003633183479425175, 0.0038160865549788994, 0.0]",0.1,1.0
channel_33,/home/hantianl/Documents/PIDIF/2d_geometry_specs/channel_water/channel_33.json,/home/hantianl/Documents/PIDIF/2d_geometry_step/channel_water/channel_33.step,0.1,10,1.0,"[0.0, 0.13849357612088692, 0.1942002938096794, 0.5064424290310079, 0.5759083330746853, 0.6900868086438382, 0.7296952697065886, 0.8402782646252892, 0.9099607232291744, 0.9672342867424171, 1.0]","[0.0, 0.0029330193749556, -0.0019393322056420297, 0.00043859737138513336, -0.0017509422394201895, 0.0023972382460389257, -0.002550927824071772, -0.004008960557009671, -0.00115020450858512, -0.0014682072159797792, 0.0]",0.1,1.0
channel_34,/home/hantianl/Documents/PIDIF/2d_geometry_specs/channel_water/channel_34.json,/home/hantianl/Documents/PIDIF/2d_geometry_step/channel_water/channel_34.step,0.1,10,1.0,"[0.0, 0.05487742584607663, 0.19123298362039798, 0.21608853289987082, 0.24593183847628153, 0.539558829811477, 0.5704721674176929, 0.7892629735979283, 0.9145396980010996, 0.9485710942838325, 1.0]","[0.0, -0.0004449393896657494, 0.0009096365278576804, 0.004312794357851146, 0.004553631030540678, -0.0024032773746215557, 0.004157528217100699, 0.0008585442948044475, -0.0017103085391427168, 0.004675124934363031, 0.0]",0.1,1.0
channel_35,/home/hantianl/Documents/PIDIF/2d_geometry_specs/channel_water/channel_35.json,/home/hantianl/Documents/PIDIF/2d_geometry_step/channel_water/channel_35.step,0.1,10,1.0,"[0.0, 0.09411634342696244, 0.23548818737717314, 0.46823471966657465, 0.5321496929910703, 0.638813971766465, 0.6810095535884136, 0.8149471702551965, 0.8956600377428364, 0.9168622453513419, 1.0]","[0.0, 0.0027745631481367614, 0.004829389498809327, 0.0033977340236495696, -0.003756682716844006, -0.004824863951215821, -0.0008622970772341918, 0.0008452838784790088, -0.004203711393139969, 0.0015704326009813342, 0.0]",0.1,1.0
channel_36,/home/hantianl/Documents/PIDIF/2d_geometry_specs/channel_water/channel_36.json,/home/hantianl/Documents/PIDIF/2d_geometry_step/channel_water/channel_36.step,0.1,10,1.0,"[0.0, 0.05871061133549819, 0.23380697053040736, 0.2768990562142358, 0.40722623896354326, 0.44556246552949746, 0.5632802170128978, 0.7347564621743257, 0.7580896540108253, 0.8956386792667443, 1.0]","[0.0, 0.0036697294619178165, -0.004973832799030966, -7.658812842933124e-05, -0.0005506272942285085, -0.0002926613336190322, -0.004972760297276712, 0.0032314062685634935, 0.000621434779842207, -0.002524596697186759, 0.0]",0.1,1.0
channel_37,/home/hantianl/Documents/PIDIF/2d_geometry_specs/channel_water/channel_37.json,/home/hantianl/Documents/PIDIF/2d_geometry_step/channel_water/channel_37.step,0.1,10,1.0,"[0.0, 0.04590503708972364, 0.09394691244671603, 0.24013981325337103, 0.30218637963181916, 0.4605482371875599, 0.739284486764539, 0.7678272678763044, 0.8355483568516712, 0.8609595074200611, 1.0]","[0.0, 0.004168502019367647, 0.0004138697614705549, -0.0024229733953219095, -0.002382237114930705, -0.0028676040285039524, -0.004744820190081659, 0.001979739623741656, 0.0025488206149256835, 0.0025766175770541525, 0.0]",0.1,1.0
channel_38,/home/hantianl/Documents/PIDIF/2d_geometry_specs/channel_water/channel_38.json,/home/hantianl/Documents/PIDIF/2d_geometry_step/channel_water/channel_38.step,0.1,10,1.0,"[0.0, 0.37218778808470115, 0.5010472630435006, 0.5688930545107675, 0.609932632396813, 0.645714321128848, 0.7187038634347169, 0.7552275536558287, 0.8531377085172044, 0.9313714255015608, 1.0]","[0.0, 0.0017168090747653481, 0.003003997342042628, 0.0030158595267743074, -0.004737853552694805, 0.002803705080767661, -2.5717313125035203e-05, 0.0019977081642522003, 0.0003684733953497653, 0.0007149948296601306, 0.0]",0.1,1.0
channel_39,/home/hantianl/Documents/PIDIF/2d_geometry_specs/channel_water/channel_39.json,/home/hantianl/Documents/PIDIF/2d_geometry_step/channel_water/channel_39.step,0.1,10,1.0,"[0.0, 0.08450259861317673, 0.15693319681620238, 0.19552076869010201, 0.3046022526923068, 0.6159037184953606, 0.637257777624125, 0.7191238913638441, 0.7951606606522708, 0.8803050725516838, 1.0]","[0.0, 0.00162197934777951, -0.0008339349243997223, 0.0031906511055781375, 0.0024031378646344184, 0.004939043939476974, -0.004023385930939586, -0.00125328653868672, -0.002179885389866071, 0.002415033854326765, 0.0]",0.1,1.0
channel_40,/home/hantianl/Documents/PIDIF/2d_geometry_specs/channel_water/channel_40.json,/home/hantianl/Documents/PIDIF/2d_geometry_step/channel_water/channel_40.step,0.1,10,1.0,"[0.0, 0.07587586429529161, 0.09803398926240922, 0.12264149413180217, 0.2448847417365161, 0.3192684561497786, 0.5014148137853705, 0.5664038562074871, 0.6446096016798235, 0.8912755766948355, 1.0]","[0.0, -0.0006559594173084337, 0.0028453600823595184, 0.0024369577513200643, -0.004061523356859043, 0.0009758558185172126, 0.00301760805024486, -0.0008792179594368814, -0.0032982710729189966, 0.0039164498572375195, 0.0]",0.1,1.0
channel_41,/home/hantianl/Documents/PIDIF/2d_geometry_specs/channel_water/channel_41.json,/home/hantianl/Documents/PIDIF/2d_geometry_step/channel_water/channel_41.step,0.1,10,1.0,"[0.0, 0.02566091123015929, 0.16791202781256448, 0.19660280622162407, 0.2302000673456676, 0.2811808632099379, 0.4175088668679524, 0.6295775174591631, 0.7033755972509514, 0.7982425226975209, 1.0]","[0.0, -0.0017993284987109829, 0.0034700901208115278, 0.002469294900278656, 0.002037065917151815, 0.0011081850802394447, -0.00436066892411822, -0.001888947321337822, 0.0045087203563771855, -0.004780481112044691, 0.0]",0.1,1.0
channel_42,/home/hantianl/Documents/PIDIF/2d_geometry_specs/channel_water/channel_42.json,/home/hantianl/Documents/PIDIF/2d_geometry_step/channel_water/channel_42.step,0.1,10,1.0,"[0.0, 0.31579449182097774, 0.4467554598869731, 0.47105161660109285, 0.6083943999754405, 0.6490003217535543, 0.7408531070975222, 0.8567739088567788, 0.9388958808288358, 0.9734833001892078, 1.0]","[0.0, -0.0021589836160151735, 0.004413837120829227, -0.002229677367421971, -0.002639936941456032, 0.0016266773452338424, 0.0048612843356570425, 0.0035358683428229273, 0.0040607664479576505, 0.0031976101236454706, 0.0]",0.1,1.0
channel_43,/home/hantianl/Documents/PIDIF/2d_geometry_specs/channel_water/channel_43.json,/home/hantianl/Documents/PIDIF/2d_geometry_step/channel_water/channel_43.step,0.1,10,1.0,"[0.0, 0.22336593480571454, 0.24517638341842166, 0.28674833440387865, 0.31578963969112495, 0.45443128355198753, 0.5621347719303412, 0.7249587342817194, 0.8025126900732054, 0.8476031579593081, 1.0]","[0.0, -0.0042702936888277055, 0.004404238885835911, 0.003772135616569439, -0.004451215614526923, -0.004080706937606761, 0.0004911237681896694, 0.002351512471124092, 0.003249111999693256, -0.002650496968215284, 0.0]",0.1,1.0
channel_44,/home/hantianl/Documents/PIDIF/2d_geometry_specs/channel_water/channel_44.json,/home/hantianl/Documents/PIDIF/2d_geometry_step/channel_water/channel_44.step,0.1,10,1.0,"[0.0, 0.045455961081552004, 0.07370877628592816, 0.09808715540087944, 0.1779842742110823, 0.245400631686288, 0.387708635620051, 0.6136938370064224, 0.821395976671748, 0.9009585585832481, 1.0]","[0.0, -0.004330041436455118, 0.001036798970198951, -0.0036270455253967103, -0.0013420388523513196, 0.0038841080193440583, -0.0047725234004486194, -0.004501753927335931, -0.003631988546187781, 0.0006600792250100332, 0.0]",0.1,1.0
channel_45,/home/hantianl/Documents/PIDIF/2d_geometry_specs/channel_water/channel_45.json,/home/hantianl/Documents/PIDIF/2d_geometry_step/channel_water/channel_45.step,0.1,10,1.0,"[0.0, 0.04051929263803089, 0.2979831221537289, 0.3859118529433184, 0.42395107978313845, 0.5277879236999417, 0.5531662838350582, 0.6797715547013536, 0.7583425011682664, 0.9430292765635689, 1.0]","[0.0, 0.0024368718392967616, -0.0019250758568368082, -0.0038251137646034437, -0.001286683738366952, -0.0013045855493196302, 0.0017494397261583498, -0.0031447778903060135, 0.0009902859536859597, 0.0017358087555039252, 0.0]",0.1,1.0
channel_46,/home/hantianl/Documents/PIDIF/2d_geometry_specs/channel_water/channel_46.json,/home/hantianl/Documents/PIDIF/2d_geometry_step/channel_water/channel_46.step,0.1,10,1.0,"[0.0, 0.13364125489005196, 0.2751445500756047, 0.6123511012931488, 0.7279555336597348, 0.7579586575920204, 0.8019774018716826, 0.8669192616900969, 0.9175506338447315, 0.9587439989145684, 1.0]","[0.0, -0.0033480135725328947, 0.0017611029536298128, 0.0005038064567826116, -0.004136022428985547, -0.003335606529188368, 0.00015863028157433144, 0.004807029346229182, 0.0006460995041438758, -0.003131543982381927, 0.0]",0.1,1.0
channel_47,/home/hantianl/Documents/PIDIF/2d_geometry_specs/channel_water/channel_47.json,/home/hantianl/Documents/PIDIF/2d_geometry_step/channel_water/channel_47.step,0.1,10,1.0,"[0.0, 0.18786985656123706, 0.2753862844488003, 0.32535161573465265, 0.4701366062383968, 0.5704022816359121, 0.6611579048966215, 0.7085343223311884, 0.7789316981642391, 0.9161435333857945, 1.0]","[0.0, -0.0011048242218073623, -0.004709418814275518, 0.0035722970836379007, -0.003381314491032926, -0.0006821341610411024, 0.0025131690725152074, 0.0002978680908091707, -0.003442759747755963, 0.0035056299286344277, 0.0]",0.1,1.0
channel_48,/home/hantianl/Documents/PIDIF/2d_geometry_specs/channel_water/channel_48.json,/home/hantianl/Documents/PIDIF/2d_geometry_step/channel_water/channel_48.step,0.1,10,1.0,"[0.0, 0.029559133065160066, 0.18983191539829802, 0.3274027014420688, 0.37494772222320133, 0.4934943012010309, 0.5255131802982704, 0.7957027943051453, 0.9414088596319956, 0.9744332693476788, 1.0]","[0.0, 0.0010027309504992612, -0.004822167817108797, 0.0014570899153514222, -0.003944421204931922, 0.001489109103453532, 0.004680969044865918, -0.0032391735115080084, 0.004334063945079096, -0.0008804635221404677, 0.0]",0.1,1.0
channel_49,/home/hantianl/Documents/PIDIF/2d_geometry_specs/channel_water/channel_49.json,/home/hantianl/Documents/PIDIF/2d_geometry_step/channel_water/channel_49.step,0.1,10,1.0,"[0.0, 0.06685093719786955, 0.0937174739801478, 0.11919584776852486, 0.16846254035607378, 0.33561577822004385, 0.6670562358455263, 0.69750182422619, 0.798128802041197, 0.9452841964107569, 1.0]","[0.0, 0.003532473559082887, 0.0033525890509469424, -0.003974473275399429, -0.0014416825023634743, 0.0009296979104242188, -0.00038995538940692336, 0.0022158862027907063, 0.0018576309040870638, -0.00010032915087188152, 0.0]",0.1,1.0
channel_50,/home/hantianl/Documents/PIDIF/2d_geometry_specs/channel_water/channel_50.json,/home/hantianl/Documents/PIDIF/2d_geometry_step/channel_water/channel_50.step,0.1,10,1.0,"[0.0, 0.020874822907547965, 0.15021954946970548, 0.38490455525383305, 0.43431990314990204, 0.4774582474014334, 0.573258226819889, 0.6972465480236676, 0.722651309869559, 0.8395437028713081, 1.0]","[0.0, -0.0014861360288717755, 0.00048639137840924326, -0.00020871396927675014, 0.0029219216744855777, -0.0022109794180587166, -0.0002943744673541259, -0.0010327130717432643, -0.0013042164658079304, -0.0005265528274618859, 0.0]",0.1,1.0
channel_51,/home/hantianl/Documents/PIDIF/2d_geometry_specs/channel_water/channel_51.json,/home/hantianl/Documents/PIDIF/2d_geometry_step/channel_water/channel_51.step,0.1,10,1.0,"[0.0, 0.08640944895060187, 0.18859079671043188, 0.30873982610324396, 0.532192720541848, 0.5642039464393841, 0.5918785956912953, 0.7079666118364105, 0.7880777110012933, 0.9329012270298952, 1.0]","[0.0, 0.002366473257272121, 0.0007549379430221602, -0.0021685538472131496, 0.0031776403596475242, -0.002715422664382197, 0.004314503157397155, 0.0007735102003580884, 0.003810307653363685, 0.002849695640156292, 0.0]",0.1,1.0
channel_52,/home/hantianl/Documents/PIDIF/2d_geometry_specs/channel_water/channel_52.json,/home/hantianl/Documents/PIDIF/2d_geometry_step/channel_water/channel_52.step,0.1,10,1.0,"[0.0, 0.033166784642797834, 0.17726526936458986, 0.2651284081720158, 0.4378802324865553, 0.5108819710323245, 0.5346789136779309, 0.8414923217907253, 0.8718945229197379, 0.962875463103925, 1.0]","[0.0, 0.0007157196468621386, 0.0037780359936637597, -0.001192371715134373, 0.002956307842761078, -0.004690528911699897, 0.004236806819416959, -0.002352641984704912, 0.003537455827542585, 0.002992063192873892, 0.0]",0.1,1.0
channel_53,/home/hantianl/Documents/PIDIF/2d_geometry_specs/channel_water/channel_53.json,/home/hantianl/Documents/PIDIF/2d_geometry_step/channel_water/channel_53.step,0.1,10,1.0,"[0.0, 0.04669591296675724, 0.3161013044730111, 0.33628730152493314, 0.36131414668224116, 0.5837298888340494, 0.6638684060018049, 0.7022205431909667, 0.7826839310407688, 0.9576802753624089, 1.0]","[0.0, 0.003639696319884693, -0.0008695683176696391, 0.0020944755757593466, -0.004574809979348579, -0.004452358550149336, -0.001472582135039612, -0.0016848770374608382, -0.00039467079957999397, 0.0027001085360322937, 0.0]",0.1,1.0
channel_54,/home/hantianl/Documents/PIDIF/2d_geometry_specs/channel_water/channel_54.json,/home/hantianl/Documents/PIDIF/2d_geometry_step/channel_water/channel_54.step,0.1,10,1.0,"[0.0, 0.06600680309744994, 0.31375576817721407, 0.3823914460555158, 0.4084464669532204, 0.4326982953926948, 0.5327097696328235, 0.7045118732874922, 0.8541437023334244, 0.8874081713184899, 1.0]","[0.0, -0.00013771413960515615, -0.0016214574253369265, -0.001697228654271629, -0.004735792182053143, 0.0010438865024686474, -0.00041979906141862214, 0.003479023347695962, 0.0032902213067502687, -0.0030351141237835383, 0.0]",0.1,1.0
channel_55,/home/hantianl/Documents/PIDIF/2d_geometry_specs/channel_water/channel_55.json,/home/hantianl/Documents/PIDIF/2d_geometry_step/channel_water/channel_55.step,0.1,10,1.0,"[0.0, 0.12936200616980592, 0.1924707794542246, 0.24467873674372306, 0.2947888557485632, 0.5394106855152729, 0.7322380036895231, 0.7592904105626963, 0.8781496043334257, 0.959964592779338, 1.0]","[0.0, 0.0005856649829117004, -0.0006641395290426554, 0.00020594633750450984, 0.0019230027316477988, -0.0019383973830230878, 0.002308937879059664, 0.003905886728667464, -0.004104548495425787, -0.0030780251729083715, 0.0]",0.1,1.0
channel_56,/home/hantianl/Documents/PIDIF/2d_geometry_specs/channel_water/channel_56.json,/home/hantianl/Documents/PIDIF/2d_geometry_step/channel_water/channel_56.step,0.1,10,1.0,"[0.0, 0.08459208320278254, 0.21113239347300078, 0.4418341556441427, 0.5049823424136944, 0.6067308193716113, 0.636642856558786, 0.7395689536839235, 0.9158870214118119, 0.9563368348145332, 1.0]","[0.0, -0.0029186896875168407, -0.002271241150790903, 0.004848494596840568, -0.0007618202014984133, -0.0008724566731076475, -0.0026369932678396717, 0.0007906057285279825, 0.003819805509467599, 0.004263225137439739, 0.0]",0.1,1.0
channel_57,/home/hantianl/Documents/PIDIF/2d_geometry_specs/channel_water/channel_57.json,/home/hantianl/Documents/PIDIF/2d_geometry_step/channel_water/channel_57.step,0.1,10,1.0,"[0.0, 0.2269720980926499, 0.25472059644215983, 0.3922066839404566, 0.4570540118441981, 0.6068689659507711, 0.6367382822243085, 0.8965034595108632, 0.9453819669486484, 0.9757532863044418, 1.0]","[0.0, -0.003595896966712004, -0.0011587971821441648, 0.004041115030626539, 0.0047810929122377634, 0.003913800358730218, 0.0022852494514097694, -0.004957373104157468, -0.001214030545779188, 0.004589382628133621, 0.0]",0.1,1.0
channel_58,/home/hantianl/Documents/PIDIF/2d_geometry_specs/channel_water/channel_58.json,/home/hantianl/Documents/PIDIF/2d_geometry_step/channel_water/channel_58.step,0.1,10,1.0,"[0.0, 0.05172682748980593, 0.07848766290762536, 0.15889137434368866, 0.3981708257909251, 0.4907947187620944, 0.7091856245604115, 0.7304392902740922, 0.7641607347372386, 0.9056574271435212, 1.0]","[0.0, 0.0034514076699386532, -0.0016869489548276585, -0.0007700067698264805, 0.004820846659787912, 0.0012457537506441506, 0.0012541297625760098, 0.0034772568176412687, 0.0012871143838194127, 4.683366441660553e-05, 0.0]",0.1,1.0
channel_59,/home/hantianl/Documents/PIDIF/2d_geometry_specs/channel_water/channel_59.json,/home/hantianl/Documents/PIDIF/2d_geometry_step/channel_water/channel_59.step,0.1,10,1.0,"[0.0, 0.05564146682237995, 0.2854770467406482, 0.3987104305537695, 0.4558598221613705, 0.7083457053855691, 0.7463291773462476, 0.7754769248441001, 0.799511222462931, 0.8940169774158342, 1.0]","[0.0, -0.0027411423728671918, 0.0006104083148556387, 0.0034985465940842037, 0.003664232292355525, -0.00040168166393851536, 0.002767750678321073, 0.002753930429476488, 0.002181640226341817, -0.004246175419901182, 0.0]",0.1,1.0
channel_60,/home/hantianl/Documents/PIDIF/2d_geometry_specs/channel_water/channel_60.json,/home/hantianl/Documents/PIDIF/2d_geometry_step/channel_water/channel_60.step,0.1,10,1.0,"[0.0, 0.026233212126783728, 0.2816186760942515, 0.42984366538544744, 0.6688188700595681, 0.7342339844693597, 0.7828821111362535, 0.8330405201152026, 0.870289070613791, 0.9215665779180535, 1.0]","[0.0, -0.0007893777750459397, -0.0011625060627502518, 0.004798390322193679, -0.0014644040305748767, -0.003638036086504916, 0.0009726493877725423, -0.0032325822528729347, -0.00012540727751144103, -0.004319164723671836, 0.0]",0.1,1.0
channel_61,/home/hantianl/Documents/PIDIF/2d_geometry_specs/channel_water/channel_61.json,/home/hantianl/Documents/PIDIF/2d_geometry_step/channel_water/channel_61.step,0.1,10,1.0,"[0.0, 0.11955671287300489, 0.21856791883656684, 0.2965092125277116, 0.3441257332373738, 0.40722588047594765, 0.488839560605829, 0.5264736645227764, 0.8941154357947492, 0.9661430265370299, 1.0]","[0.0, -0.0033873073933927854, -0.001004960861373922, 0.0025172679491160628, -0.0003581887205350697, 0.0009767698234557226, 0.002138653020858281, 0.004871835166666713, 0.0007000037934518002, 0.0029496084042353477, 0.0]",0.1,1.0
channel_62,/home/hantianl/Documents/PIDIF/2d_geometry_specs/channel_water/channel_62.json,/home/hantianl/Documents/PIDIF/2d_geometry_step/channel_water/channel_62.step,0.1,10,1.0,"[0.0, 0.12378480315260657, 0.21307036574464625, 0.2350948885313545, 0.3487907215256924, 0.37030919459322365, 0.6859962522244126, 0.7579101542896922, 0.8338417262560731, 0.9091811577786824, 1.0]","[0.0, 0.0004168273922956567, -0.0037825477473652164, 0.00031548079992592664, 0.00045406976661261245, -0.0038148179755665918, 0.0009096776232461311, -0.003702976318715788, -7.103388366982294e-05, 0.003636568527243318, 0.0]",0.1,1.0
channel_63,/home/hantianl/Documents/PIDIF/2d_geometry_specs/channel_water/channel_63.json,/home/hantianl/Documents/PIDIF/2d_geometry_step/channel_water/channel_63.step,0.1,10,1.0,"[0.0, 0.11236879474663801, 0.15062165549247866, 0.24783690167234074, 0.34919565062417685, 0.4180079216979806, 0.5897613868612945, 0.880555617188459, 0.9007718425873366, 0.9483515187754522, 1.0]","[0.0, 0.0024775842740857486, 0.0018893532451860285, 0.0008730787071884747, -0.0035901903950929836, 0.0025490411056896395, 0.0009705440074555694, 0.0026879340655393486, 0.004561495443138046, -0.0018672633065381322, 0.0]",0.1,1.0
channel_64,/home/hantianl/Documents/PIDIF/2d_geometry_specs/channel_water/channel_64.json,/home/hantianl/Documents/PIDIF/2d_geometry_step/channel_water/channel_64.step,0.1,10,1.0,"[0.0, 0.22158318594595244, 0.2501802319127082, 0.272562107365174, 0.32731781879905747, 0.463504828412029, 0.4896888381900916, 0.5204965345160184, 0.7411886776009151, 0.7659423042491444, 1.0]","[0.0, 0.0027894150949459226, 0.0025262455525352926, 0.0009467666165140897, -0.002941664632105023, -0.00020771514240355837, -0.0001575299359411154, -0.0010877343547700319, -0.00025582770162765455, -0.0029373307059860493, 0.0]",0.1,1.0
channel_65,/home/hantianl/Documents/PIDIF/2d_geometry_specs/channel_water/channel_65.json,/home/hantianl/Documents/PIDIF/2d_geometry_step/channel_water/channel_65.step,0.1,10,1.0,"[0.0, 0.07066378920898767, 0.13479133180562408, 0.15755297125502454, 0.18002694259738844, 0.290697431051263, 0.34939122151652807, 0.3759203292153728, 0.5091767575531787, 0.7417698960040163, 1.0]","[0.0, -0.0016713740000641954, 0.004030897312452783, -0.004353470967023562, -0.004639215456846448, -0.0017269859333571016, -0.0045080915254818105, 0.0010229379473265625, -0.0001350347252187193, -0.004338401445801659, 0.0]",0.1,1.0
channel_66,/home/hantianl/Documents/PIDIF/2d_geometry_specs/channel_water/channel_66.json,/home/hantianl/Documents/PIDIF/2d_geometry_step/channel_water/channel_66.step,0.1,10,1.0,"[0.0, 0.07253560654853, 0.23762302269598792, 0.3731372398151165, 0.4159038555884394, 0.4397323747417503, 0.4728998756371423, 0.7283590571031539, 0.7818451089485979, 0.8641670600931404, 1.0]","[0.0, 0.0006697316020794278, 0.0040862355340714925, 0.0015662496802004893, -0.00377884631962144, 0.0019176099378651872, -0.0031299849390937335, -0.0028864768093494137, 0.0005549245400159816, 0.002602269054359065, 0.0]",0.1,1.0
channel_67,/home/hantianl/Documents/PIDIF/2d_geometry_specs/channel_water/channel_67.json,/home/hantianl/Documents/PIDIF/2d_geometry_step/channel_water/channel_67.step,0.1,10,1.0,"[0.0, 0.06899635929631112, 0.21072028843709342, 0.26179123434786905, 0.29454631438877055, 0.4034274402051115, 0.4399654447085043, 0.6286767128749498, 0.7284476107776163, 0.8958465167717444, 1.0]","[0.0, 0.0010580731024304423, -0.0031376497311977865, -0.0006768152383926154, 0.0020958067135843066, -0.0037737776854778467, 0.0026960081591764088, 0.0011899279958808044, 0.00349245406504212, 0.00226157070292573, 0.0]",0.1,1.0
channel_68,/home/hantianl/Documents/PIDIF/2d_geometry_specs/channel_water/channel_68.json,/home/hantianl/Documents/PIDIF/2d_geometry_step/channel_water/channel_68.step,0.1,10,1.0,"[0.0, 0.21459517859253557, 0.25679462595941216, 0.3395290067648304, 0.4872341907342038, 0.5418069000500432, 0.6114101058782423, 0.6524178185492473, 0.7321785020538768, 0.913990885343408, 1.0]","[0.0, -0.000596664356632178, 0.0010416299163165882, -0.0007728596662298168, 0.0046576560979692296, 0.0010455641474444565, -0.002871328878708143, 0.004059537422800652, -0.002158913501583857, 0.0017652975309947454, 0.0]",0.1,1.0
channel_69,/home/hantianl/Documents/PIDIF/2d_geometry_specs/channel_water/channel_69.json,/home/hantianl/Documents/PIDIF/2d_geometry_step/channel_water/channel_69.step,0.1,10,1.0,"[0.0, 0.042022431756096046, 0.1323139291493406, 0.20324792334882544, 0.24475602099732657, 0.38628371356182334, 0.5512114321151683, 0.7216981634258335, 0.7985689867611541, 0.8292380189935802, 1.0]","[0.0, 0.00285776279065752, 0.002155462273875363, -0.0025767826814033605, 0.0033054171678702973, 3.896535375121947e-05, -0.0046215151580740665, 0.0006447151864809502, 0.0027322109019658454, -0.003437947536563794, 0.0]",0.1,1.0
channel_70,/home/hantianl/Documents/PIDIF/2d_geometry_specs/channel_water/channel_70.json,/home/hantianl/Documents/PIDIF/2d_geometry_step/channel_water/channel_70.step,0.1,10,1.0,"[0.0, 0.1707616545089654, 0.20081718188411923, 0.2385171156297754, 0.4193267857905478, 0.4896352841571008, 0.5294538727379773, 0.7466024903493802, 0.8792737727547213, 0.9401362801988321, 1.0]","[0.0, -0.0013020283943340587, -0.002076795427299494, 0.003613211632188827, 0.0010780354854515945, -0.002890326241111488, 0.001963948077883728, -0.0014339049547504317, 0.0011895202616807954, 0.0035941478173979434, 0.0]",0.1,1.0
channel_71,/home/hantianl/Documents/PIDIF/2d_geometry_specs/channel_water/channel_71.json,/home/hantianl/Documents/PIDIF/2d_geometry_step/channel_water/channel_71.step,0.1,10,1.0,"[0.0, 0.043947299573300624, 0.1537423465999006, 0.17708546846057077, 0.20729444068549568, 0.2708760660619684, 0.3614999072932616, 0.4066577864251479, 0.9002809950744269, 0.9591784086571823, 1.0]","[0.0, 0.0029044374255353146, -0.00033572371393552226, 0.0026034332824199915, -0.004231835534920282, -0.001911667146624824, -0.0036270519297063614, 0.004427895589860786, -0.003405651232838947, -0.0023682651673594527, 0.0]",0.1,1.0
channel_72,/home/hantianl/Documents/PIDIF/2d_geometry_specs/channel_water/channel_72.json,/home/hantianl/Documents/PIDIF/2d_geometry_step/channel_water/channel_72.step,0.1,10,1.0,"[0.0, 0.04687409738412757, 0.11561571263014814, 0.28533856207621644, 0.3689007333002801, 0.42879407429645855, 0.6229903692132289, 0.760543090845414, 0.8348165570465107, 0.969353431929542, 1.0]","[0.0, 0.0014432334807389958, -0.003115602406776086, -0.003676307505639545, -0.0018666866800003215, -0.00031628259837262855, 0.002788403259619829, -0.0014653664795597214, 0.004503550174094737, 0.002489193371207154, 0.0]",0.1,1.0
channel_73,/home/hantianl/Documents/PIDIF/2d_geometry_specs/channel_water/channel_73.json,/home/hantianl/Documents/PIDIF/2d_geometry_step/channel_water/channel_73.step,0.1,10,1.0,"[0.0, 0.0507398689385417, 0.2497349959281644, 0.2813543162185876, 0.3286663435767752, 0.3582012867332978, 0.6470339564305199, 0.7740036427503274, 0.8628340393213573, 0.9434375280744595, 1.0]","[0.0, 0.003046712120066051, -0.004446093130291813, -0.004226230844677553, -0.004814734261163682, 0.001814709747501201, 0.0016294119104429952, -0.0036794355535587683, 0.0007379902031847884, -0.0036129128366579897, 0.0]",0.1,1.0
channel_74,/home/hantianl/Documents/PIDIF/2d_geometry_specs/channel_water/channel_74.json,/home/hantianl/Documents/PIDIF/2d_geometry_step/channel_water/channel_74.step,0.1,10,1.0,"[0.0, 0.1691115780314124, 0.24137353763672062, 0.31198924233680053, 0.3542171963153539, 0.3995533077910883, 0.5065713845239579, 0.7352976665987558, 0.8714288769697904, 0.9444279250967011, 1.0]","[0.0, -0.00042853300189563213, -0.0034694834048991014, -0.0019385847711264085, -0.0023437623993318606, 0.001952465125157587, -0.00276184706798388, 0.003055524263011457, -0.0021405578324046595, 0.00463457366596315, 0.0]",0.1,1.0
channel_75,/home/hantianl/Documents/PIDIF/2d_geometry_specs/channel_water/channel_75.json,/home/hantianl/Documents/PIDIF/2d_geometry_step/channel_water/channel_75.step,0.1,10,1.0,"[0.0, 0.04738972303429227, 0.09671084063928662, 0.11828406883950995, 0.18284000888626126, 0.21129379115967306, 0.4707483386935456, 0.548617448133383, 0.721784561583784, 0.9731686483335815, 1.0]","[0.0, 0.0005529654430126004, 0.004869004374723915, -0.0024345682622063576, -0.003175515514476533, 0.0027152484117302436, 0.0047624770580305936, 0.004209238649960393, -0.00196194303820466, 3.9973191739970694e-05, 0.0]",0.1,1.0
channel_76,/home/hantianl/Documents/PIDIF/2d_geometry_specs/channel_water/channel_76.json,/home/hantianl/Documents/PIDIF/2d_geometry_step/channel_water/channel_76.step,0.1,10,1.0,"[0.0, 0.07843033594220344, 0.11714719908284503, 0.22487761955094793, 0.25017410869881895, 0.4277215876007008, 0.5790027098415663, 0.6303255197957008, 0.6664799903032487, 0.84350341272943, 1.0]","[0.0, -0.004069162996885622, 0.0048075828989661284, 0.0007120487908332234, 0.004016749471897908, 0.0018477771391914562, 0.003943192518013467, -0.004613394945548343, 0.0007004630000057898, -0.0015794609138326736, 0.0]",0.1,1.0
channel_77,/home/hantianl/Documents/PIDIF/2d_geometry_specs/channel_water/channel_77.json,/home/hantianl/Documents/PIDIF/2d_geometry_step/channel_water/channel_77.step,0.1,10,1.0,"[0.0, 0.02193165441631551, 0.28476931842829906, 0.387300687077148, 0.6235280523477386, 0.6459274180922072, 0.6788901647732741, 0.7414447115624782, 0.8335005480553158, 0.9084022415756919, 1.0]","[0.0, 0.002344760458687393, -0.0035945201934644007, 0.003563947688808359, -0.004183647267201904, 0.0009453253342696167, -0.004922490194169031, -0.0033536425258113593, -0.00034917819838798346, -0.0017469746918604436, 0.0]",0.1,1.0
channel_78,/home/hantianl/Documents/PIDIF/2d_geometry_specs/channel_water/channel_78.json,/home/hantianl/Documents/PIDIF/2d_geometry_step/channel_water/channel_78.step,0.1,10,1.0,"[0.0, 0.22445795012587788, 0.2684072887300928, 0.3552766970218437, 0.3791844750047797, 0.4075214541999088, 0.4588717226269016, 0.7649568130650459, 0.8474980616025196, 0.976679306131855, 1.0]","[0.0, -0.0039638204669118675, -0.0017223720540757953, 0.00040137498581276944, -0.0010670696466654273, 0.00489613526108742, -0.0012072859226692346, -0.0010227658533087224, 0.004596469273934362, -0.0009448608218871673, 0.0]",0.1,1.0
channel_79,/home/hantianl/Documents/PIDIF/2d_geometry_specs/channel_water/channel_79.json,/home/hantianl/Documents/PIDIF/2d_geometry_step/channel_water/channel_79.step,0.1,10,1.0,"[0.0, 0.11871267560066279, 0.19999447126154385, 0.24447332200610467, 0.46579003040951306, 0.5973387159739955, 0.6396234085027395, 0.6835962710850338, 0.7548172854859767, 0.8849673754103946, 1.0]","[0.0, -0.00145153471937486, -0.002248687628619945, 0.0008796759420952359, 0.0042315909621759296, -0.004400112680996189, 0.001666747505594343, -0.004036305886156295, 0.0014559415263381715, 0.004543110885869775, 0.0]",0.1,1.0
channel_80,/home/hantianl/Documents/PIDIF/2d_geometry_specs/channel_water/channel_80.json,/home/hantianl/Documents/PIDIF/2d_geometry_step/channel_water/channel_80.step,0.1,10,1.0,"[0.0, 0.12502423280710423, 0.2401014277020389, 0.32429946148067446, 0.40720181467827016, 0.5594831473035393, 0.5916588133418822, 0.7228924686805163, 0.8649656282983162, 0.9395368632970297, 1.0]","[0.0, -0.0008186404905738973, -0.0022515453801420764, 0.004891799640938853, -0.00098967233348932, -0.0030277177637519754, 0.0038064852243612137, -0.0016659934640594711, 0.0007335189584789029, -0.0038415241961086374, 0.0]",0.1,1.0
channel_81,/home/hantianl/Documents/PIDIF/2d_geometry_specs/channel_water/channel_81.json,/home/hantianl/Documents/PIDIF/2d_geometry_step/channel_water/channel_81.step,0.1,10,1.0,"[0.0, 0.023750155375355606, 0.055372545156189154, 0.283513370180373, 0.41140358175800024, 0.459915970669875, 0.5931224571924838, 0.6270697959035547, 0.7271923902166624, 0.8933587645700624, 1.0]","[0.0, -0.004810749957327502, -0.001634527952026993, 0.0007937019649593615, -0.0005724290759412925, -0.0012497491727760535, -0.004586506903614463, 0.001766421209953203, 0.002909844289949153, 0.002256634176701797, 0.0]",0.1,1.0
channel_82,/home/hantianl/Documents/PIDIF/2d_geometry_specs/channel_water/channel_82.json,/home/hantianl/Documents/PIDIF/2d_geometry_step/channel_water/channel_82.step,0.1,10,1.0,"[0.0, 0.044843914553741177, 0.15796338651428482, 0.24851266376777764, 0.3554123388618041, 0.45646828857149657, 0.4792139697676796, 0.7203486304398499, 0.7556260237641282, 0.8049426765245746, 1.0]","[0.0, 0.002920375802740686, 0.0037657777241979894, -0.0019052737206845488, 0.004210386630400936, 0.0008556655039575704, 0.0035150248319786807, -0.000546123251341033, 0.0009407089266795215, 0.003966035512086541, 0.0]",0.1,1.0
channel_83,/home/hantianl/Documents/PIDIF/2d_geometry_specs/channel_water/channel_83.json,/home/hantianl/Documents/PIDIF/2d_geometry_step/channel_water/channel_83.step,0.1,10,1.0,"[0.0, 0.20919904775596576, 0.33534562678594354, 0.4628315084372938, 0.5018367235639768, 0.5869676441550015, 0.7063733598585342, 0.7899267078792584, 0.8313637220556757, 0.9306526390405288, 1.0]","[0.0, -0.004947040791506848, 0.0026512261875265416, 0.0046284810120372204, -0.0021651611066069967, 0.002031939293775842, 0.0019092266221821747, 0.004492227088790452, 0.0044043442888006285, -0.004589696378715096, 0.0]",0.1,1.0
channel_84,/home/hantianl/Documents/PIDIF/2d_geometry_specs/channel_water/channel_84.json,/home/hantianl/Documents/PIDIF/2d_geometry_step/channel_water/channel_84.step,0.1,10,1.0,"[0.0, 0.04906372179882146, 0.07161097423804483, 0.18214075444416708, 0.24086035534790273, 0.2766637002264743, 0.4447208119501969, 0.4836875712485025, 0.6540468744750694, 0.9461097649494001, 1.0]","[0.0, 0.0015023579572539282, 0.003502585181600456, 0.0037842799811169826, -0.0019983093103694742, -0.00488092466864709, 0.00020853883299825227, -0.0008454605400333576, -0.003019762984412085, -0.004874591527051366, 0.0]",0.1,1.0
channel_85,/home/hantianl/Documents/PIDIF/2d_geometry_specs/channel_water/channel_85.json,/home/hantianl/Documents/PIDIF/2d_geometry_step/channel_water/channel_85.step,0.1,10,1.0,"[0.0, 0.04391148433191913, 0.11476556621780071, 0.16355553100696352, 0.21590070157492763, 0.28285704799022515, 0.5399931583914663, 0.6252928057180211, 0.6927795094985141, 0.8619702099812603, 1.0]","[0.0, -0.003426656891459801, -0.004424518897087044, 0.003819664291495245, -0.0034276088685667224, 0.0013351293487906327, -0.0020386811142511533, 0.0006306073443305624, 0.0019693622508202575, -0.0037182337038873066, 0.0]",0.1,1.0
channel_86,/home/hantianl/Documents/PIDIF/2d_geometry_specs/channel_water/channel_86.json,/home/hantianl/Documents/PIDIF/2d_geometry_step/channel_water/channel_86.step,0.1,10,1.0,"[0.0, 0.04993734751949147, 0.1780360455155324, 0.2986677535628549, 0.5432382531318292, 0.6179603712433046, 0.6510380646490181, 0.743946674578287, 0.9245043322278961, 0.975567373368223, 1.0]","[0.0, -0.0025762557170611426, 0.0014773344581990354, -0.003985056698066108, -0.0005178226030731472, 0.002924844928261604, 0.001232451013657078, 0.0006358246987142272, -0.002824993817029159, 4.180341808347841e-05, 0.0]",0.1,1.0
channel_87,/home/hantianl/Documents/PIDIF/2d_geometry_specs/channel_water/channel_87.json,/home/hantianl/Documents/PIDIF/2d_geometry_step/channel_water/channel_87.step,0.1,10,1.0,"[0.0, 0.053318803632302667, 0.19186688876311253, 0.24088548574168828, 0.30797162676489853, 0.5458170738020203, 0.6694874821556952, 0.7109993259558348, 0.8896601962078394, 0.9385548949685975, 1.0]","[0.0, 0.002736704241766857, -0.002270814360638456, 0.0012861816189058206, 0.0034386421623031817, -0.0031652298150523857, 0.0022056594062783604, -0.001955092998959699, -0.001185610715300565, -0.0046336795635478194, 0.0]",0.1,1.0
channel_88,/home/hantianl/Documents/PIDIF/2d_geometry_specs/channel_water/channel_88.json,/home/hantianl/Documents/PIDIF/2d_geometry_step/channel_water/channel_88.step,0.1,10,1.0,"[0.0, 0.2827068824575577, 0.3380146300750609, 0.43537051382550074, 0.4647571446135374, 0.5587400382157357, 0.6277300564749, 0.6495364504474835, 0.7355865280625269, 0.9796614255287874, 1.0]","[0.0, 0.0009916448732114605, -0.0003810391073546136, 0.0011582739288114683, -0.0024904840719418304, -0.0025574599523957016, 0.0010323987449577347, 0.00043040956203584373, -0.003192415875907854, -0.00043114688408353846, 0.0]",0.1,1.0
channel_89,/home/hantianl/Documents/PIDIF/2d_geometry_specs/channel_water/channel_89.json,/home/hantianl/Documents/PIDIF/2d_geometry_step/channel_water/channel_89.step,0.1,10,1.0,"[0.0, 0.039076140430441865, 0.07430272367134214, 0.12018050796653301, 0.18592903262108224, 0.30046180151601154, 0.6979245770323694, 0.7388210932116422, 0.8197346963747237, 0.9012098318950628, 1.0]","[0.0, 0.003947412679766374, 0.0034799795379628594, -0.00046614398656148835, 0.002001058751695509, -0.003644637101590251, -0.00423897931514353, -0.0006363982315470609, -0.003159351605978412, 0.002960194890430234, 0.0]",0.1,1.0
channel_90,/home/hantianl/Documents/PIDIF/2d_geometry_specs/channel_water/channel_90.json,/home/hantianl/Documents/PIDIF/2d_geometry_step/channel_water/channel_90.step,0.1,10,1.0,"[0.0, 0.040196735278415566, 0.0924358787988358, 0.21440099034073373, 0.3721481179579232, 0.39859181042367864, 0.41983071335744715, 0.6698898789436709, 0.7483526128076237, 0.8189762168419892, 1.0]","[0.0, -0.0027586309438745534, 0.003402620478413526, 0.0014200525018289922, -0.0027445453598464956, -0.004502189740851088, 0.003874392625092399, -0.0026830923876312147, 0.0009046465451355117, 0.004456454174749533, 0.0]",0.1,1.0
channel_91,/home/hantianl/Documents/PIDIF/2d_geometry_specs/channel_water/channel_91.json,/home/hantianl/Documents/PIDIF/2d_geometry_step/channel_water/channel_91.step,0.1,10,1.0,"[0.0, 0.17886930856769467, 0.34287544815877924, 0.4285320208950648, 0.5024991489960908, 0.5230662948732564, 0.6605279412001221, 0.8302176757406403, 0.8742211763156607, 0.9229154469808482, 1.0]","[0.0, -0.0036318467101573767, -0.00411223188850882, 0.004891075454519486, 0.0024564282424639396, 0.0010055200912576301, -0.0018269861586056803, -0.004690812167758532, -0.0012863945121454915, -0.0033651328177659676, 0.0]",0.1,1.0
channel_92,/home/hantianl/Documents/PIDIF/2d_geometry_specs/channel_water/channel_92.json,/home/hantianl/Documents/PIDIF/2d_geometry_step/channel_water/channel_92.step,0.1,10,1.0,"[0.0, 0.07316944859634708, 0.14815512554110266, 0.33624885968552076, 0.3691632458326923, 0.44274270498551593, 0.5723148169029815, 0.7194887724994014, 0.8814630712060492, 0.9669159112312548, 1.0]","[0.0, -0.0044810746234565475, -0.0029599377686116784, -0.003665828062002003, 0.0046043707000028335, 0.004377186568709517, -0.004977919491468182, 0.0017634883178073695, 0.0040673237750789674, -0.004904116599212645, 0.0]",0.1,1.0
channel_93,/home/hantianl/Documents/PIDIF/2d_geometry_specs/channel_water/channel_93.json,/home/hantianl/Documents/PIDIF/2d_geometry_step/channel_water/channel_93.step,0.1,10,1.0,"[0.0, 0.09490287060825829, 0.12734317013229343, 0.22090475670139376, 0.2806585276811404, 0.36548912330764105, 0.5430374190839972, 0.5803403025259605, 0.6453445356341312, 0.9561123247340204, 1.0]","[0.0, 0.00038246509067382806, 0.0010321397868703966, 0.003291832233760575, 0.0039977939563946765, 0.0013543120870801988, 0.0007669163584139794, 0.003436571913537006, 0.0029996605923745343, -0.0005013774162700305, 0.0]",0.1,1.0
channel_94,/home/hantianl/Documents/PIDIF/2d_geometry_specs/channel_water/channel_94.json,/home/hantianl/Documents/PIDIF/2d_geometry_step/channel_water/channel_94.step,0.1,10,1.0,"[0.0, 0.04714011035722687, 0.16375336283899078, 0.2555720386822983, 0.3129612072790118, 0.47609906856855644, 0.5719951622217869, 0.6675698050550409, 0.7599842084907111, 0.7802422738256826, 1.0]","[0.0, -0.002837379820204536, -0.0032365092186467685, -0.0010895439371533854, 0.0033863958263724535, -0.0034259776668873095, -0.0010680326376377091, 0.0011384759032250806, -0.000835260537417103, -0.003114856217507728, 0.0]",0.1,1.0
channel_95,/home/hantianl/Documents/PIDIF/2d_geometry_specs/channel_water/channel_95.json,/home/hantianl/Documents/PIDIF/2d_geometry_step/channel_water/channel_95.step,0.1,10,1.0,"[0.0, 0.041384017068387166, 0.18316846746241722, 0.37670501183066996, 0.4634760574357989, 0.5330669865891393, 0.6695390561839223, 0.7042165798263817, 0.8572367887705523, 0.9481490677535601, 1.0]","[0.0, -0.0025327803643025843, -0.0029486118531638246, -0.0004858494149491523, -0.0022263991372963735, -0.002789202744978379, 0.002125056942485039, 0.0035230552246649158, 0.0045727942139032265, -0.0018858754530275538, 0.0]",0.1,1.0
channel_96,/home/hantianl/Documents/PIDIF/2d_geometry_specs/channel_water/channel_96.json,/home/hantianl/Documents/PIDIF/2d_geometry_step/channel_water/channel_96.step,0.1,10,1.0,"[0.0, 0.12949687301375745, 0.18955675494832103, 0.2098800792286002, 0.36998055690919684, 0.4126036414385707, 0.5583580814553369, 0.773189961564563, 0.848267623690838, 0.8791919508828048, 1.0]","[0.0, 0.0010982561695516441, -0.0040381250014429, -0.0025062084572993098, -0.002682163777010483, -0.0028798872860183594, 9.395549339450554e-05, 0.002332792578120646, -0.0031194500842828803, 0.0005533305291681298, 0.0]",0.1,1.0
channel_97,/home/hantianl/Documents/PIDIF/2d_geometry_specs/channel_water/channel_97.json,/home/hantianl/Documents/PIDIF/2d_geometry_step/channel_water/channel_97.step,0.1,10,1.0,"[0.0, 0.05838676647784793, 0.12067422789409696, 0.26890450136343413, 0.5379788910333118, 0.7103125066130411, 0.7563489240259152, 0.8170790107589766, 0.8779137211802466, 0.9343416993384611, 1.0]","[0.0, 0.004187217501663303, -0.002301097753801127, -0.0035311036830047845, -0.0010570896165182754, -0.0031227750512138304, 0.0034373773735710423, -0.0008504498730133947, 0.0030338001377072585, -0.003652239474891736, 0.0]",0.1,1.0
channel_98,/home/hantianl/Documents/PIDIF/2d_geometry_specs/channel_water/channel_98.json,/home/hantianl/Documents/PIDIF/2d_geometry_step/channel_water/channel_98.step,0.1,10,1.0,"[0.0, 0.0436002961960416, 0.22278580987643498, 0.30928332351458504, 0.34793288100222963, 0.46871828881355226, 0.6161628292955569, 0.6613671556137666, 0.7199257106173692, 0.8457849017767471, 1.0]","[0.0, 0.003651277274261795, -0.00010402699277915241, -9.516530464364313e-05, 0.003361959644132292, 0.003523369684705017, -0.002446673444034421, -0.004071314781078226, 0.0029859965431137305, 0.0037871619490039542, 0.0]",0.1,1.0
channel_99,/home/hantianl/Documents/PIDIF/2d_geometry_specs/channel_water/channel_99.json,/home/hantianl/Documents/PIDIF/2d_geometry_step/channel_water/channel_99.step,0.1,10,1.0,"[0.0, 0.09518775743939223, 0.12762276971420292, 0.1845498644456074, 0.2689501048470105, 0.3771410788926246, 0.42798099167919024, 0.46537872639599914, 0.641070945097307, 0.8937111481363669, 1.0]","[0.0, -0.0028842084054711754, -0.0047055162770955755, -0.002037639635264145, 0.0009753261060992417, 0.004358389025240664, 0.0013655916574607536, 0.0038095056696774484, -0.004926152839243828, 0.003732083017632405, 0.0]",0.1,1.0
