channel,channel_id,p_in_ref,p_min,p_max,u_min,u_max,v_min,v_max,valid_cell_centers,n_cells,lower_wall_zone,upper_wall_zone,inlet_zone,outlet_zone
channel_00,0,1481.3745213949123,-28.98674811104868,4550.192680640079,0.005888105075247893,1.5107242059844355,-0.30664062347351295,0.30673783623293516,233114,233114,1,3,4,2
channel_01,1,1550.8933606831313,-29.227483862428677,5048.246921568633,0.008203415048419246,1.5402773344950114,-0.3333632105057308,0.3351347130664932,231432,231432,1,3,4,2
channel_02,2,1542.993391865631,-33.212259677185834,5462.694307591638,0.007824179295736514,1.5389667037124255,-0.32580398102685154,0.3436862663248389,232542,232542,1,3,4,2
channel_03,3,1415.9545093914455,-33.05469678888328,4485.259773447933,0.008426386613417663,1.513032377506591,-0.2802475063505414,0.27725102470098595,237274,237274,1,3,4,2
channel_04,4,1381.483174412277,-28.762650136391393,4100.3280673918025,0.011844849947634697,1.470762574121512,-0.2529783662467332,0.2562261323692546,239084,239084,1,3,4,2
channel_05,5,1533.7999593375262,-25.184237449136077,4317.459359630689,0.011231615979246715,1.5521597492060273,-0.27635284052236114,0.27359808180753414,233020,233020,1,3,4,2
channel_06,6,1523.4041407469788,-10.520996212911601,4528.006839786387,0.006224361097742432,1.558683687031952,-0.2831660448681948,0.2987470667214081,235818,235818,1,3,4,2
channel_07,7,1592.1437911898686,-22.994665828440045,4616.505122965524,0.011086703251720358,1.576027541043591,-0.2858397215771624,0.28454189669882424,230488,230488,1,3,4,2
channel_08,8,1614.7364442138878,-31.37398599523466,4403.7841581180755,0.011189654115625584,1.5753470849880737,-0.24948948629515813,0.26150016788467667,226750,226750,1,3,4,2
channel_09,9,1575.837490837235,-27.77206775288371,4670.10264487631,0.005406245704736405,1.5761000614119325,-0.29378607126300627,0.2952081398463962,229742,229742,1,3,4,2
channel_10,10,1565.0100868693405,-25.25396040460501,4841.070858479809,0.009400954443306297,1.538415178424036,-0.3105626638536533,0.2999746962162933,231234,231234,1,3,4,2
channel_11,11,1557.9638461124637,-24.89382137013986,4840.247424021125,0.007904603112521093,1.5125876730716004,-0.31075396133257677,0.3132279210595075,230324,230324,1,3,4,2
channel_12,12,1648.462270690374,-27.006505460695216,4493.992404985811,0.010173980601709065,1.5705237305940403,-0.27001773414880115,0.268538311227562,226660,226660,1,3,4,2
channel_13,13,1458.9416718239163,-26.447924223599184,4374.615570886504,0.009060532459153706,1.5146235245597315,-0.29059965257894027,0.2892457515130464,236778,236778,1,3,4,2
channel_14,14,1524.026128612195,-26.530419147490694,4100.084695390941,0.0024285139276934336,1.5402460733209942,-0.23319813983939333,0.23890665042217624,233642,233642,1,3,4,2
channel_15,15,1427.6958686387832,-30.44692878068075,4498.6907900852175,0.008434553367347213,1.5083382824971214,-0.2838294648833036,0.29236608470559367,236388,236388,1,3,4,2
channel_16,16,1431.2470982489237,-30.030108875571035,4961.309593772051,0.010016883346024932,1.536147864886796,-0.3311342085477663,0.32900692746529603,237170,237170,1,3,4,2
channel_17,17,1522.2089079444795,-33.204401980894595,4614.863094498784,0.0041260758907607446,1.5873543904413798,-0.2900155964715469,0.2941128621344226,233502,233502,1,3,4,2
channel_18,18,1375.3236607714957,-33.972761053764835,3840.290767416654,0.011557427979111932,1.5212636988604662,-0.2303581771234532,0.2343537509680053,240746,240746,1,3,4,2
channel_19,19,1558.7463028421894,-26.651757181104166,4388.987165144839,0.004490201215716442,1.5952263867551206,-0.26893515556222947,0.26762953672058626,230190,230190,1,3,4,2
channel_20,20,1559.25256182902,-26.120512698532472,4776.316253258498,0.008351389932901677,1.5417487371705856,-0.2989221746107429,0.3082602601934798,230220,230220,1,3,4,2
channel_21,21,1595.8898959046644,-11.79668995880033,4421.662412243012,0.0065382336146919285,1.5453019954384593,-0.28271489736960337,0.28218024788390506,230458,230458,1,3,4,2
channel_22,22,1616.8291055096709,-25.918721017613382,4643.609073503655,0.010517851458812896,1.5611680079322248,-0.2803754931321162,0.2802320277745455,226940,226940,1,3,4,2
channel_23,23,1675.0701969290367,-15.857513772719855,4807.152169880405,0.0031805274788078487,1.6213723211299849,-0.29780135319025774,0.2972499957608634,228410,228410,1,3,4,2
channel_24,24,1618.4336455007278,-26.520325010034906,4349.7923524759235,0.00916519273076946,1.6026545507471162,-0.2513096370393731,0.25374986181084214,228680,228680,1,3,4,2
channel_25,25,1542.588493841524,-33.74078384703189,4724.4818293278495,0.009748817496932247,1.5920739811765772,-0.3020424662117438,0.303681205099678,230652,230652,1,3,4,2
channel_26,26,1616.4618846742048,-26.274564812440698,5083.136828963019,0.0075709508220311444,1.5632023684864638,-0.30994551401614673,0.32833159635062836,227228,227228,1,3,4,2
channel_27,27,1528.7833977305434,-28.976916488905907,5877.260153956554,0.0034762884831563124,1.5358839672919318,-0.37190606063787257,0.40557371975709305,232054,232054,1,3,4,2
channel_28,28,1507.9477486662613,-25.366597491159528,6094.494091534153,0.006682981225138149,1.5424766337799678,-0.43456106671352257,0.4095053970348524,231186,231186,1,3,4,2
channel_29,29,1411.522403291376,-28.99003241614972,4279.131813922362,0.010072292522839584,1.5621915738872918,-0.27128631470782316,0.26973379329847774,237666,237666,1,3,4,2
channel_30,30,1560.6050975234289,-26.900027112671296,4329.817761432634,0.00928647965354772,1.5688627071159753,-0.272457465236,0.27336899863712455,230612,230612,1,3,4,2
channel_31,31,1588.228994554618,-25.973750290715405,4900.6964756363805,0.009922546783339724,1.5564369350458034,-0.30951121130952003,0.3153419554969622,228072,228072,1,3,4,2
channel_32,32,1631.2761220975601,-28.89659919190165,5011.698881989591,0.008567386434463637,1.5886632247828838,-0.3146583600243682,0.3140767958262958,224890,224890,1,3,4,2
channel_33,33,1613.6926667853834,-30.172051552841133,4470.54105117719,0.009676265058386774,1.5831158926681965,-0.27332143559468414,0.2831820198711326,228508,228508,1,3,4,2
channel_34,34,1431.1272875790771,-31.099533944338898,4673.462097986297,0.004662290128501131,1.501209321553652,-0.3081070588290557,0.3081570837603425,237122,237122,1,3,4,2
channel_35,35,1491.9277288797123,-26.491959950631625,4287.408490648409,0.004749418199315865,1.5856004342301788,-0.2764572288939235,0.27607624602620146,236006,236006,1,3,4,2
channel_36,36,1626.7209938059534,-24.187099080349068,4317.174435763989,0.008701589626186286,1.5920526342548778,-0.25722354008898873,0.2560310153175365,227504,227504,1,3,4,2
channel_37,37,1631.9310475367215,-31.80657396698083,4155.558472749804,0.004433548051753566,1.627042210217608,-0.23742967875472137,0.2369207728717702,225984,225984,1,3,4,2
channel_38,38,1448.132798409097,-32.4427339363694,4644.244036416647,0.0051201217009316366,1.498607645493926,-0.29798045215343877,0.2983919745111463,236520,236520,1,3,4,2
channel_39,39,1435.5047098408784,-29.407230073016287,4370.859822201793,0.00554271194294984,1.5328652309751984,-0.2857607781083324,0.28957887857263687,238094,238094,1,3,4,2
channel_40,40,1490.095540222318,-28.618790534586456,4784.78442890383,0.010132981409684286,1.5448860274014604,-0.30943449352702806,0.3091264562471257,233352,233352,1,3,4,2
channel_41,41,1651.9187999046012,-23.519089530415936,5206.178448046594,0.0067004569740186795,1.5875211388056356,-0.33384931914571037,0.33715467384568387,227032,227032,1,3,4,2
channel_42,42,1447.7119285333179,-38.936223617019536,4670.810789317577,0.005795103513683248,1.5499007519245238,-0.28702801473592926,0.30698546617097744,235102,235102,1,3,4,2
channel_43,43,1641.2336309588075,-29.59352231653218,5019.222216430555,0.0013196844878178942,1.6009777861004864,-0.3178220106978169,0.3162566425571292,227660,227660,1,3,4,2
channel_44,44,1761.8946631328713,-30.91201782095481,6099.467899552859,0.006763924950080322,1.637197754842246,-0.384933850451787,0.4010400501073201,220696,220696,1,3,4,2
channel_45,45,1533.4354356249453,-30.814246775293974,4282.897705563187,0.008484722218987661,1.5483405982576448,-0.25597473243753044,0.25169827683809587,230606,230606,1,3,4,2
channel_46,46,1589.669294944711,-8.158931550917641,4970.20769781405,0.007454333582295489,1.5654740190236314,-0.32257129533970363,0.30528059877769614,230738,230738,1,3,4,2
channel_47,47,1556.8532497160659,-37.4867589900452,4669.1799526009745,0.005202989627188757,1.5487905438391085,-0.28427432701247,0.30705847503895434,229776,229776,1,3,4,2
channel_48,48,1572.2454107667675,-32.9982046345509,4482.680615246549,0.007221267131006554,1.5473853330730167,-0.27898479007731325,0.2738452318442718,230250,230250,1,3,4,2
channel_49,49,1491.6000832000477,-34.02921026703346,4605.678458787974,0.010620177717193615,1.4957686187486658,-0.25138998880257535,0.2626222083686945,233712,233712,1,3,4,2
channel_50,50,1557.7327774977466,-28.54813496866373,5688.2897918469525,0.008543147051133702,1.5263133611817863,-0.3581664881769394,0.37201493433703803,229924,229924,1,3,4,2
channel_51,51,1404.7191078519834,-36.29334399501748,4200.0026561079985,0.004190823624120343,1.491311135616628,-0.27880876510571023,0.27799388134585845,237846,237846,1,3,4,2
channel_52,52,1429.155682808854,-33.609671523812736,4302.611834734349,0.0019648796630105116,1.5166734043496914,-0.282867927468073,0.2806050799794245,237198,237198,1,3,4,2
channel_53,53,1575.8876469935904,-37.53905287772674,4192.045931788042,0.005055205485359259,1.6248475783360146,-0.240415261575933,0.24375945222117015,228196,228196,1,3,4,2
channel_54,54,1542.1656077843102,-24.14174156753407,4610.298454123379,0.005647423862281701,1.5395209107340369,-0.30073997640986533,0.2938076242284631,232234,232234,1,3,4,2
channel_55,55,1598.604832243546,-12.164205621856842,4588.028517411881,0.009289568411319732,1.5716376972022903,-0.28339237949628804,0.2974893607139694,230740,230740,1,3,4,2
channel_56,56,1478.4074185428722,-34.60898763873402,4950.249778187182,0.009516239284318774,1.5273961613647085,-0.3308762676471349,0.32907950815724285,233474,233474,1,3,4,2
channel_57,57,1539.58730081485,-29.9285643796586,4834.905958062985,0.003468376235927294,1.5867312620332008,-0.3124435030731445,0.3142404054053538,233204,233204,1,3,4,2
channel_58,58,1435.4801052680918,-26.309442558628263,4133.79131420864,0.008727266751841465,1.4870472703167728,-0.25360831656237637,0.25374020645065937,237088,237088,1,3,4,2
channel_59,59,1546.5191604790627,-31.51582989492088,5151.92798091873,0.010609499390904494,1.5535020511966349,-0.34123589705267177,0.3414152394172634,233180,233180,1,3,4,2
channel_60,60,1603.348403745112,-26.147506954360015,5029.522900458294,0.008910873732342482,1.572663421526688,-0.3263483418062884,0.32571577647161853,230332,230332,1,3,4,2
channel_61,61,1427.119745935898,-37.75083033569837,4843.57497879996,0.009517725921907588,1.4704117292606012,-0.30936319652099115,0.3241041372262947,236876,236876,1,3,4,2
channel_62,62,1565.9393000119915,-28.385699328012773,4701.941081583975,0.00882809869357065,1.5549809152150793,-0.29143202274186697,0.2992631847553972,228924,228924,1,3,4,2
channel_63,63,1454.5181447650891,-29.979160602995307,4311.404177410479,0.007376999953597614,1.5040177419904146,-0.2830712300914085,0.2815490282588475,236472,236472,1,3,4,2
channel_64,64,1576.719406293909,-31.27619434017915,4693.498186444857,0.013920819035366292,1.553035843020079,-0.2889829497154633,0.2904782613041656,229658,229658,1,3,4,2
channel_65,65,1707.1130616656299,-26.747090963831397,5077.817770848936,0.0050665004332522065,1.602985847504163,-0.29495836980788787,0.3201129827209763,223638,223638,1,3,4,2
channel_66,66,1519.207730991296,-33.87253449545871,4603.427720248919,0.00441784964635992,1.5808267703653742,-0.28935499614197924,0.29438390592758124,232594,232594,1,3,4,2
channel_67,67,1452.9889538319403,-32.07914405568023,4393.005843683079,0.0062595714134983564,1.522834089076904,-0.2811080038285131,0.2830309374754292,235796,235796,1,3,4,2
channel_68,68,1491.8495255650503,-27.30924816697398,4700.019685536392,0.005498236287854107,1.5170076516188513,-0.3021157907194879,0.30463073391580825,233606,233606,1,3,4,2
channel_69,69,1588.8058424539254,-27.78235163520717,4259.834652820955,0.007959265387768802,1.5863632197014481,-0.24780427248056885,0.25391387848699615,229924,229924,1,3,4,2
channel_70,70,1474.7541804449463,-34.997309574344854,4726.603526955692,0.007637041008643952,1.5149793753061755,-0.30019113009158704,0.3081858948828892,233904,233904,1,3,4,2
channel_71,71,1602.1489420569837,-26.340803905918683,4293.16782872556,0.005169469609820107,1.5706819360578743,-0.2538938347072011,0.2543702217800048,230524,230524,1,3,4,2
channel_72,72,1507.401796718133,-31.6406019527311,4327.204123407193,0.008817836513803528,1.5565517558332005,-0.2780446754387684,0.27180511613274083,231736,231736,1,3,4,2
channel_73,73,1620.7534007238821,-20.76928912112714,4364.830600749583,0.004213977152515258,1.564142409606286,-0.2570990837362451,0.2516129457382734,229716,229716,1,3,4,2
channel_74,74,1528.1396361130007,-32.12888353159206,4717.4705239717305,0.007005029491325447,1.541216861145161,-0.29439241959588364,0.30354635832304216,230808,230808,1,3,4,2
channel_75,75,1466.0840853986456,-27.20299530515591,4366.827390287032,0.005820074234492158,1.5190233387015883,-0.29243419721485964,0.29054277112651933,237284,237284,1,3,4,2
channel_76,76,1501.1626931574474,-26.068614611316388,5357.982617930667,0.004855122698386052,1.5261618516649138,-0.3220678316375079,0.3430863688713171,235384,235384,1,3,4,2
channel_77,77,1633.8423789923986,-27.595527681338194,4127.512023087436,0.004075782878942052,1.5964683848098857,-0.22647162743106625,0.22896458702655859,227220,227220,1,3,4,2
channel_78,78,1576.0895613480523,-32.05238690715923,4724.237341756151,0.0038532175205656222,1.5287597459157216,-0.3065142386530566,0.30932714563535163,229326,229326,1,3,4,2
channel_79,79,1469.388332881225,-32.48278213042286,4765.974850229652,0.006329537015756041,1.5457187243545485,-0.3089840287568299,0.3116433432304716,234898,234898,1,3,4,2
channel_80,80,1611.0929882527164,-23.860561343998334,4863.407863537948,0.004480426730307687,1.5518934194075338,-0.3057351106837292,0.2966835297531119,229580,229580,1,3,4,2
channel_81,81,1521.9079769084874,-27.737820008794564,6851.174627162254,0.00640789647174932,1.5763189528767145,-0.5038230531778896,0.4740924786030504,231878,231878,1,3,4,2
channel_82,82,1381.969778406789,-31.228543092302093,4108.567304513504,0.008794977753388144,1.477206040550315,-0.24812118426246269,0.25641477810143753,239954,239954,1,3,4,2
channel_83,83,1571.8516468910736,-23.60498617303412,4723.751906681203,0.008810989562357176,1.5382204203907635,-0.30965701049992217,0.31736811503265877,233160,233160,1,3,4,2
channel_84,84,1751.8631841705528,-29.53412762997054,4678.831695874044,0.00828151640128143,1.6351339456227014,-0.2779076579925225,0.279189030225629,224080,224080,1,3,4,2
channel_85,85,1646.5194219435766,-24.598788285599746,5820.673786723752,0.005044990612851477,1.5651257845413493,-0.3677831407246572,0.3852820168317067,227294,227294,1,3,4,2
channel_86,86,1622.4740914916383,-25.321579090656694,4984.711437317398,0.010334280828404674,1.5562776279304276,-0.33397916926160626,0.3201106494839921,227486,227486,1,3,4,2
channel_87,87,1617.8845247766533,-11.44939519869294,4427.305549442588,0.009178072101880149,1.576319506195199,-0.26549082423848874,0.2590012622037504,229976,229976,1,3,4,2
channel_88,88,1599.0459463462141,-32.26826834668234,4714.98175777729,0.011913132562193757,1.5649168707089531,-0.2961547399741149,0.29930415404009425,228402,228402,1,3,4,2
channel_89,89,1654.3981147879826,-28.335395138261074,4160.753757043211,0.008870510657103156,1.6262692148279887,-0.23174099725842917,0.22497937311675315,224802,224802,1,3,4,2
channel_90,90,1475.8183690739133,-27.582591697921572,5063.431734277465,0.001735342538444101,1.5334145334610938,-0.35227663059600517,0.33181700894632377,234938,234938,1,3,4,2
channel_91,91,1723.8396250648764,-22.092288626966177,5065.067580514193,0.006653317338668112,1.6021823177422045,-0.3185917257396421,0.31382502149113345,224056,224056,1,3,4,2
channel_92,92,1679.706998346192,-48.362594605720886,5174.893647478834,0.003571260150845579,1.5742294389162417,-0.34492117163794306,0.3511528574026386,228450,228450,1,3,4,2
channel_93,93,1419.097521091894,-26.538449855326615,4535.507876492342,0.010667102338092923,1.489680498625754,-0.29971683611640293,0.2989493259596375,238512,238512,1,3,4,2
channel_94,94,1648.0347652222229,-30.55663612510696,5621.4613816165365,0.009038613422115527,1.5536470497896657,-0.33286139330316766,0.3294021174924449,226204,226204,1,3,4,2
channel_95,95,1580.002172229572,-26.58092863533675,5097.914019072496,0.01155173257461388,1.558089940544499,-0.3433676094237227,0.33258545775675796,229858,229858,1,3,4,2
channel_96,96,1581.518448313716,-29.618398857276606,4692.012451232484,0.01045406835051851,1.559769496505159,-0.29447149387577576,0.2938689450198032,228820,228820,1,3,4,2
channel_97,97,1665.1412609458928,-23.149838505619936,4328.932653375386,0.006424818968324094,1.5677314443894255,-0.2438086180762378,0.25189576291562865,225946,225946,1,3,4,2
channel_98,98,1409.7676766166744,-33.50761451353298,4055.222461943672,0.007902489310383452,1.54107905757838,-0.24319961249622393,0.24374779393545193,238472,238472,1,3,4,2
channel_99,99,1541.9004628465086,-30.365028334403288,5046.694786568289,0.010156011897173156,1.5795174720900182,-0.3275827170549404,0.3065681880197537,231464,231464,1,3,4,2
channel_100,100,1538.576833591527,-46.71227975400031,4874.384357305367,0.0028123763263171618,1.5732424671893186,-0.31053988060596527,0.3082984960548413,232314,232314,1,3,4,2
channel_101,101,1551.07129523514,-23.631599887455064,4378.33735145443,0.010181088476704746,1.577719905298626,-0.27526558168115256,0.2790592245672167,232288,232288,1,3,4,2
channel_102,102,1569.5577039269765,-31.731886820831605,4596.238172190698,0.00894750905736038,1.6090983976721103,-0.2862684299813089,0.28485736288501257,229932,229932,1,3,4,2
channel_103,103,1679.8169391406354,-25.995621858381092,5245.214595725429,0.011080623385300388,1.605715158800664,-0.330516531605512,0.33863363078262876,225758,225758,1,3,4,2
channel_104,104,1609.5811251126258,-9.919813760493046,4517.686900218254,0.00765058995839742,1.5649433609494299,-0.27821359350546776,0.2939939402003857,228860,228860,1,3,4,2
channel_105,105,1590.7307626681313,-33.153575947978034,4453.29421711394,0.009892552331727039,1.567825868892904,-0.2699251386202289,0.266919872165408,228364,228364,1,3,4,2
channel_106,106,1670.8046741711566,-25.41999991436104,5781.926539305778,0.005579808592542684,1.6053592060075574,-0.3835956677820076,0.38419396194955563,224240,224240,1,3,4,2
channel_107,107,1560.3222362628617,-26.18350367720099,4703.342567297993,0.008406417632319309,1.559969955996847,-0.2969206313719476,0.2973869808242665,229280,229280,1,3,4,2
channel_108,108,1630.0373807102817,-23.43816639667808,5035.697597150451,0.002876106374511311,1.5726207638117073,-0.3342709170616774,0.33275615294610156,227818,227818,1,3,4,2
channel_109,109,1556.4986271457144,-24.03803517951768,4796.314267744619,0.008205096433618239,1.5300241365337668,-0.2990692838213848,0.3135384542934781,231786,231786,1,3,4,2
channel_110,110,1611.484877687763,-31.42756548138064,4751.959390559195,0.011567109373232135,1.5679494862954224,-0.29714895818524234,0.3015642190117378,226924,226924,1,3,4,2
channel_111,111,1553.0349390504873,-22.241914186414416,4740.020867669579,0.0073922229714930105,1.5576867219490036,-0.3022064724624815,0.29774352730205833,233510,233510,1,3,4,2
channel_112,112,1476.1681044385953,-30.07511496360922,4051.1310915468266,0.012156745795439395,1.5093967116103275,-0.235548112541132,0.23569583510220019,235678,235678,1,3,4,2
channel_113,113,1656.0933809145101,-34.34417048899842,4529.801627767492,0.006713520395853952,1.5699163947941268,-0.26991244020854244,0.2811061961246274,228682,228682,1,3,4,2
channel_114,114,1642.778937317619,-35.469318534565026,4464.715957255511,0.010202623214718657,1.5819201662990496,-0.26278760625887243,0.26837536480989477,225708,225708,1,3,4,2
channel_115,115,1537.4697576023475,-25.758735397024033,4394.346099690043,0.008486390341204512,1.5212063068736614,-0.27933159027579074,0.28060126900405896,231384,231384,1,3,4,2
channel_116,116,1418.8247720336556,-27.42119690911392,4500.083816438655,0.007630087409839573,1.487178785683876,-0.2891331078002829,0.2890116626425801,238062,238062,1,3,4,2
channel_117,117,1486.3262911593213,-28.60949673056622,4818.176262292424,0.005921288038088667,1.5265521902617918,-0.3280715384994026,0.32705234417915496,234538,234538,1,3,4,2
channel_118,118,1513.5543041073074,-23.256410916530516,4636.272677229508,0.010657356424353039,1.5757113901248665,-0.29444492911694825,0.2989809510119188,235826,235826,1,3,4,2
channel_119,119,1464.4574037900363,-32.45232021935657,4894.983147376036,0.009132018185343233,1.4906374269999159,-0.3165904127350935,0.3183215739051212,234900,234900,1,3,4,2
channel_120,120,1558.6889424240433,-40.18666572510434,4357.486929731336,0.005412768211501777,1.5430421648234665,-0.26527356944997543,0.271806823244656,229628,229628,1,3,4,2
channel_121,121,1687.6530399422686,-43.23074790715337,5083.219757571506,0.006033434094874546,1.634961614175545,-0.3246166794420589,0.32373659370965174,225390,225390,1,3,4,2
channel_122,122,1614.2333101472552,-23.55790050558902,4857.406830616559,0.008851340951735766,1.5494678683092904,-0.3093205942060769,0.29963981193019457,229658,229658,1,3,4,2
channel_123,123,1559.660839936697,-31.23544291100032,4972.405403143249,0.005807464162761225,1.5713849012479728,-0.3265786047698001,0.3253384865138523,230522,230522,1,3,4,2
channel_124,124,1677.1191029099857,-21.982801354757783,5137.282104565079,0.009000201944807459,1.5516759759057772,-0.3311534010313506,0.3407656389271923,225510,225510,1,3,4,2
channel_125,125,1462.8099786190094,-28.94150929852795,4527.374405935231,0.006962207918653457,1.4972604176288122,-0.29257737229445174,0.293677482154661,234868,234868,1,3,4,2
channel_126,126,1673.6672505416757,-77.80749673333521,4216.887933195466,0.0034445530414512174,1.5887327118601773,-0.23657772592260568,0.23515197590092035,224556,224556,1,3,4,2
channel_127,127,1575.2534682677688,-40.10010213937039,4690.037459170011,0.006464274729087529,1.5931610391892859,-0.29572531221381093,0.3063693185684642,228412,228412,1,3,4,2
channel_128,128,1692.7196823731733,-23.260049605785316,4985.351936756065,0.006834038932579956,1.5759802616014478,-0.31821200165495594,0.3123052507224447,226226,226226,1,3,4,2
channel_129,129,1410.2384269680513,-25.826307817883745,4188.742809415669,0.008275762519060089,1.4920039407027703,-0.26134524216764005,0.26293488642122853,239278,239278,1,3,4,2
channel_130,130,1546.6972419965684,-24.840432846108612,5262.482270061476,0.007685462324259603,1.559607124465157,-0.34891385203670716,0.3265252038561235,231262,231262,1,3,4,2
channel_131,131,1513.8930159196013,-22.03975468940111,4473.314130195034,0.010248857675532734,1.5846601669371907,-0.2822872796367785,0.27759736092024245,237002,237002,1,3,4,2
channel_132,132,1537.756921139023,-30.326221534639092,4563.308980272112,0.008461665200018927,1.6024069785060626,-0.2857472568464032,0.28536270899518623,231324,231324,1,3,4,2
channel_133,133,1501.6232746667706,-32.990158278035246,4698.623099722095,0.005063036093069691,1.5141636214936136,-0.30415702328340555,0.3039293042120834,233568,233568,1,3,4,2
channel_134,134,1523.4297158007291,-24.089203666714294,4465.99055255611,0.00553934279448378,1.5748562279427174,-0.285495489996891,0.28882005351612716,234342,234342,1,3,4,2
channel_135,135,1461.526342367067,-32.182758890080834,4946.1224778914175,0.005511137822551678,1.4787529172143652,-0.30571684995463383,0.33048421344538415,235860,235860,1,3,4,2
channel_136,136,1498.7163783475755,-20.55029533627518,4586.03475811462,0.009101543318627385,1.5576982330412614,-0.2957255994324616,0.3031762627595248,237360,237360,1,3,4,2
channel_137,137,1733.3061188773854,-23.744263878228924,4880.900550955593,0.004057229326979017,1.6113293098289103,-0.30251863052378253,0.2926385113098338,222386,222386,1,3,4,2
channel_138,138,1590.6982182669155,-24.83740741295881,4464.849739001303,0.009335303099357761,1.5480006459423004,-0.2841693760962018,0.28084328724297897,228950,228950,1,3,4,2
channel_139,139,1627.763813313486,-99.47833926215634,5161.328357453217,0.0015894117284207586,1.567770247693278,-0.32970580433255675,0.3315719211452861,228300,228300,1,3,4,2
channel_140,140,1633.4431076624094,-24.296360791456483,5080.786263029114,0.008728860715017044,1.6137903620419192,-0.3292168647189015,0.3274042524091913,227486,227486,1,3,4,2
channel_141,141,1600.9287230469113,-19.510382281972227,4190.962088291894,0.00894972351782462,1.593136948972273,-0.23742750650055108,0.23725014618170426,231436,231436,1,3,4,2
channel_142,142,1597.714632492944,-30.71420262987654,5176.647086640981,0.0059894984889982995,1.5688249020824356,-0.2921354361458879,0.3159057786441819,227778,227778,1,3,4,2
channel_143,143,1535.715967983127,-28.3942596535968,5880.228737158499,0.004252954509322837,1.5636261953962216,-0.40133883432007156,0.4072812807956948,232076,232076,1,3,4,2
channel_144,144,1583.994430159805,-26.720515113471862,4526.182425596096,0.00876984579279421,1.5706310607710183,-0.29412527540652467,0.2871622949366573,232122,232122,1,3,4,2
channel_145,145,1643.9082567764376,-27.777367771583517,4659.759695137105,0.0064830716957157775,1.600705537306822,-0.2846014824688274,0.2819181797409363,226618,226618,1,3,4,2
channel_146,146,1471.135419768323,-27.282349722507554,6051.911837473764,0.011625292748893195,1.5439456519531882,-0.42879861466491515,0.4297133532547711,235294,235294,1,3,4,2
channel_147,147,1578.9969357529992,-23.745885014132497,4599.395699406915,0.00547254866812102,1.5549467931820542,-0.2926936416677288,0.2906318659802366,229330,229330,1,3,4,2
channel_148,148,1560.7751968797402,-28.19638360433585,4778.618348898111,0.01160041696815207,1.5388666599757077,-0.3028002605600726,0.3070293663081254,231718,231718,1,3,4,2
channel_149,149,1633.5645567132465,-25.601888173630243,5856.240582921388,0.008618807005409339,1.600188970245895,-0.3675429793676187,0.3519200330672675,231168,231168,1,3,4,2
channel_150,150,1502.2315533613764,-28.562183752165915,5319.201556672723,0.009211421866231733,1.5678662078099672,-0.35381551744198386,0.33201466137277036,233440,233440,1,3,4,2
channel_151,151,1465.0230741365444,-26.543467786065868,4486.152879743101,0.007197522629264127,1.4892495294196435,-0.2917352694058964,0.2851150109721788,235468,235468,1,3,4,2
channel_152,152,1472.9269445720154,-27.4906719172356,4621.20951850458,0.006209175581106297,1.501729236351346,-0.2941968416639413,0.3006898736947191,234446,234446,1,3,4,2
channel_153,153,1518.2269559138376,-27.726351138216696,4599.628754211999,0.008225883842313875,1.5684526111835053,-0.2940096868803861,0.28420396401712794,232396,232396,1,3,4,2
channel_154,154,1593.4788979085474,-29.81634819922137,4456.368087482557,0.008871224112740972,1.5864325110019828,-0.26512552141965817,0.27081779682667223,229860,229860,1,3,4,2
channel_155,155,1393.2673730153695,-30.226963211173093,4706.803214729291,0.011386526560483036,1.4771815800695378,-0.30649611600956567,0.3149231565258059,240860,240860,1,3,4,2
channel_156,156,1666.7064339019637,-35.98736717875307,5469.172619442313,0.0046210313512952544,1.575131987920292,-0.3226291000661336,0.336889142307533,225858,225858,1,3,4,2
channel_157,157,1535.6182032346912,-27.45185569557692,4321.818198476477,0.0089694652158986,1.5336862379229017,-0.27616213786589333,0.274390526864958,231180,231180,1,3,4,2
channel_158,158,1436.859556595768,-32.214676866842254,4526.913375817571,0.008148148352030555,1.5118935741231927,-0.2798540673183057,0.29277524534632415,236796,236796,1,3,4,2
channel_159,159,1595.6081527027827,-31.02930183298461,4213.737344456781,0.007006438329546258,1.5753312128444663,-0.23974498778273362,0.24945462375720687,229486,229486,1,3,4,2
channel_160,160,1569.6131705457399,-32.028589873623716,4995.127638229384,0.0074220689854021,1.557083170167765,-0.3235375904284188,0.32578006425800854,230112,230112,1,3,4,2
channel_161,161,1542.4702817913508,-24.462581564521454,4704.558451415787,0.007053582231170571,1.5640856991699654,-0.2964306949834689,0.2892554664609191,232594,232594,1,3,4,2
channel_162,162,1630.1687553947545,-30.314606166200505,5216.24508150318,0.0060138553592704765,1.5632771898137876,-0.3412004025426744,0.3386927352493576,227138,227138,1,3,4,2
channel_163,163,1658.9582838016127,-23.907360857045465,4893.718641194795,0.004042105647307984,1.601839838591334,-0.303124401806648,0.3085122923302097,224914,224914,1,3,4,2
channel_164,164,1409.0885035618435,-32.76691390463936,4033.199174203861,0.00530543384598184,1.5168426353425124,-0.2412521411197045,0.24514779996562777,238280,238280,1,3,4,2
channel_165,165,1505.8477136425308,-28.981648913392277,5056.835178578763,0.006041570930652694,1.514793667208934,-0.3306401549064173,0.33614678901526607,232818,232818,1,3,4,2
channel_166,166,1593.03978090264,-29.024455477761403,4902.896520762444,0.011127400710572003,1.5453708137344633,-0.3075206735592228,0.312052701622265,229162,229162,1,3,4,2
channel_167,167,1518.4008985862872,-107.2438127130432,4573.130042049305,0.0016219388744268576,1.5348569190029764,-0.2838363464433522,0.28717173233300486,234156,234156,1,3,4,2
channel_168,168,1568.3532600266237,-25.069330337872,3917.9860258879385,0.007252259149651717,1.591247805075155,-0.2194001864667485,0.216527500176922,230032,230032,1,3,4,2
channel_169,169,1655.2746373363084,-18.695561433146377,5157.881679405458,0.008722935835992958,1.5643920531018176,-0.3184834504963524,0.33630219655237203,227882,227882,1,3,4,2
channel_170,170,1608.7709127665682,-27.739648319982564,3938.665632588883,0.011207193124886666,1.6141733305582073,-0.21889684036311838,0.21657223286591828,228472,228472,1,3,4,2
channel_171,171,1598.2877818517154,-32.871786849914365,6259.178647280194,0.0019135089377090226,1.5926412188796817,-0.3988136575742765,0.4016050833553455,229710,229710,1,3,4,2
channel_172,172,1494.4286170583684,-24.660948137611605,4408.69952682655,0.01426543443711799,1.5297571966902481,-0.283858742001491,0.28760117932310647,234412,234412,1,3,4,2
channel_173,173,1547.8040190243828,-34.53519816562958,4398.339093516699,0.008111895204473717,1.592505702797411,-0.25479808585234787,0.2695046819557224,236678,236678,1,3,4,2
channel_174,174,1601.661998125479,-22.826975291135344,5022.114499598372,0.009362238480372412,1.537372844037892,-0.3035184480141076,0.32632859439232054,229800,229800,1,3,4,2
channel_175,175,1589.8207404628204,-46.76777027740858,4570.067900591291,0.004344412446063871,1.5448052585558834,-0.2977230592408981,0.30108479581978104,231514,231514,1,3,4,2
channel_176,176,1450.2273172851058,-29.653308697749303,4544.970063913028,0.012193272658702686,1.5154508628303531,-0.29177794023617537,0.2954931392055881,235566,235566,1,3,4,2
channel_177,177,1673.9004374282995,-21.683852199765965,5058.097630845203,0.00667571345454438,1.5788435994199024,-0.3202220957911097,0.3081068058881319,228308,228308,1,3,4,2
channel_178,178,1503.0366834796423,-31.526725483192582,5440.922126488234,0.01093771001512886,1.5655551346829741,-0.33763646784809725,0.3308790911583498,231952,231952,1,3,4,2
channel_179,179,1609.922830099806,-28.65373141935688,4890.412200899946,0.007912230544594915,1.5846586041139985,-0.29805073460854004,0.31114684602653564,227080,227080,1,3,4,2
channel_180,180,1408.1416250275201,-30.655511281148364,4721.863592831151,0.005980638698111834,1.537940589664715,-0.3103216813854526,0.3152502196237913,238044,238044,1,3,4,2
channel_181,181,1705.3662523839187,-24.128487138496702,4842.839265275072,0.005702200048024852,1.5807776066287844,-0.2905445469673406,0.3168097086356868,226462,226462,1,3,4,2
channel_182,182,1638.9969598371297,-19.64178112625548,4708.860431917822,0.00872079929067114,1.6168079255787382,-0.3045959247004399,0.30613366579442586,229936,229936,1,3,4,2
channel_183,183,1520.5556283510944,-27.22492640219754,4826.08807031656,0.010825802547791044,1.5102614864822952,-0.3171506066507287,0.31641522599365907,233210,233210,1,3,4,2
channel_184,184,1517.1036759604226,-28.20852805599776,4463.817592307464,0.004633457457984633,1.5591461696287592,-0.28192525346811514,0.2753982084131743,232024,232024,1,3,4,2
channel_185,185,1434.1356396048657,-29.92206794690307,5078.383976679509,0.008987378264618796,1.4942668930355147,-0.33837315749090424,0.3380807087271164,237842,237842,1,3,4,2
channel_186,186,1486.892703798321,-32.298900249590716,4894.218364148298,0.010890630970988902,1.5429378521345172,-0.31730717943605347,0.3197751023121565,233746,233746,1,3,4,2
channel_187,187,1505.7642288007507,-29.725545222913684,4752.77392035352,0.008384174471159144,1.4910832671154117,-0.28739559030440837,0.3088191468990089,233322,233322,1,3,4,2
channel_188,188,1568.1625696792487,-32.19135999963469,4918.365863490852,0.003959497122106285,1.5707876836199777,-0.316411418515664,0.3192163091887325,229600,229600,1,3,4,2
channel_189,189,1470.2699789003295,-29.331011673319814,4424.742228407767,0.0032077037319917377,1.493790619172624,-0.28108216539230063,0.2931909517036729,235544,235544,1,3,4,2
channel_190,190,1530.2056625000175,-36.28164012487291,3845.0709191770447,0.007797609427272344,1.6118692388439642,-0.22330470704993402,0.2225002791095817,230822,230822,1,3,4,2
channel_191,191,1496.1892923816213,-31.444362958683854,4362.627018134606,0.00612681038770007,1.5386916846519312,-0.26705013443894704,0.26967277191345007,233642,233642,1,3,4,2
channel_192,192,1571.9559832904076,-34.32126456689432,4631.208271421557,0.01036140592896596,1.5885863402710838,-0.287383464633761,0.2927114214633629,228966,228966,1,3,4,2
channel_193,193,1447.7829870457242,-32.82572292930216,4610.5501525777845,0.008250874071348915,1.5405529321467808,-0.29157657793686714,0.2894784054466087,235380,235380,1,3,4,2
channel_194,194,1567.6403702973116,-28.86216691931036,4818.557995177538,0.004533143380228694,1.516371764070466,-0.3162227331680241,0.3073103922408075,230812,230812,1,3,4,2
channel_195,195,1358.9378281460686,-29.270878435019235,4050.272065784888,0.011678509125117482,1.4967265234004392,-0.2536429344906247,0.2545982433044388,241434,241434,1,3,4,2
channel_196,196,1595.4688611596544,-25.32692451603696,4953.891223027851,0.009999655759533066,1.5725638032076936,-0.3098586205384217,0.31970887432319295,227864,227864,1,3,4,2
channel_197,197,1634.7977528601507,-23.294792242860314,6139.251538447606,0.007517778679936146,1.5840227292464883,-0.42577390097522544,0.395689451111467,227262,227262,1,3,4,2
channel_198,198,1655.2830752675513,-29.27369578961531,4918.90160122571,0.00838639135759933,1.5888403187659723,-0.30302720487411733,0.3041667761009353,224590,224590,1,3,4,2
channel_199,199,1568.9957939600945,-85.85475029495389,4829.254167421375,0.0012944168230824564,1.5580694093794982,-0.3024254854104082,0.3102895840785552,230012,230012,1,3,4,2
