case,status,spec_json,step_path,mesh_path,case_data_path,pin_txt,pout_txt,uin_mps,pin_pa,pout_pa,dp_pa,tin_txt,tout_txt,tin_k,tout_k,inlet_name,outlet_name,wall_bottom_name,wall_top_name,elapsed_sec
rect_ar01,ok,/home/hantianl/Documents/PIDIF/2d_geometry_specs/rect_ar01.json,/home/hantianl/Documents/PIDIF/2d_geometry_step/rect_ar01.step,/home/hantianl/Documents/PIDIF/runs_2d/rect_ar01/rect_ar01.msh.h5,/home/hantianl/Documents/PIDIF/runs_2d/rect_ar01/case2d.cas.h5,/home/hantianl/Documents/PIDIF/runs_2d/rect_ar01/pin.txt,/home/hantianl/Documents/PIDIF/runs_2d/rect_ar01/pout.txt,0.1,0.0013730489,0.0,0.0013730489,/home/hantianl/Documents/PIDIF/runs_2d/rect_ar01/tin.txt,/home/hantianl/Documents/PIDIF/runs_2d/rect_ar01/tout.txt,272.99999,273.1059,open_cascade_step_translator_7.5,open_cascade_step_translator_7.3,open_cascade_step_translator_7.2,open_cascade_step_translator_7.4,340.51366806030273
rect_ar02,ok,/home/hantianl/Documents/PIDIF/2d_geometry_specs/rect_ar02.json,/home/hantianl/Documents/PIDIF/2d_geometry_step/rect_ar02.step,/home/hantianl/Documents/PIDIF/runs_2d/rect_ar02/rect_ar02.msh.h5,/home/hantianl/Documents/PIDIF/runs_2d/rect_ar02/case2d.cas.h5,/home/hantianl/Documents/PIDIF/runs_2d/rect_ar02/pin.txt,/home/hantianl/Documents/PIDIF/runs_2d/rect_ar02/pout.txt,0.1,0.0019455764,0.0,0.0019455764,/home/hantianl/Documents/PIDIF/runs_2d/rect_ar02/tin.txt,/home/hantianl/Documents/PIDIF/runs_2d/rect_ar02/tout.txt,272.99999,273.14653,open_cascade_step_translator_7.5,open_cascade_step_translator_7.3,open_cascade_step_translator_7.2,open_cascade_step_translator_7.4,379.39759135246277
rect_ar03,ok,/home/hantianl/Documents/PIDIF/2d_geometry_specs/rect_ar03.json,/home/hantianl/Documents/PIDIF/2d_geometry_step/rect_ar03.step,/home/hantianl/Documents/PIDIF/runs_2d/rect_ar03/rect_ar03.msh.h5,/home/hantianl/Documents/PIDIF/runs_2d/rect_ar03/case2d.cas.h5,/home/hantianl/Documents/PIDIF/runs_2d/rect_ar03/pin.txt,/home/hantianl/Documents/PIDIF/runs_2d/rect_ar03/pout.txt,0.1,0.0023991816,0.0,0.0023991816,/home/hantianl/Documents/PIDIF/runs_2d/rect_ar03/tin.txt,/home/hantianl/Documents/PIDIF/runs_2d/rect_ar03/tout.txt,272.99999,273.17636,open_cascade_step_translator_7.5,open_cascade_step_translator_7.3,open_cascade_step_translator_7.2,open_cascade_step_translator_7.4,427.1422655582428
rect_ar04,ok,/home/hantianl/Documents/PIDIF/2d_geometry_specs/rect_ar04.json,/home/hantianl/Documents/PIDIF/2d_geometry_step/rect_ar04.step,/home/hantianl/Documents/PIDIF/runs_2d/rect_ar04/rect_ar04.msh.h5,/home/hantianl/Documents/PIDIF/runs_2d/rect_ar04/case2d.cas.h5,/home/hantianl/Documents/PIDIF/runs_2d/rect_ar04/pin.txt,/home/hantianl/Documents/PIDIF/runs_2d/rect_ar04/pout.txt,0.1,0.002782845,0.0,0.002782845,/home/hantianl/Documents/PIDIF/runs_2d/rect_ar04/tin.txt,/home/hantianl/Documents/PIDIF/runs_2d/rect_ar04/tout.txt,272.99999,273.20076,open_cascade_step_translator_7.5,open_cascade_step_translator_7.3,open_cascade_step_translator_7.2,open_cascade_step_translator_7.4,471.3215346336365
rect_ar05,ok,/home/hantianl/Documents/PIDIF/2d_geometry_specs/rect_ar05.json,/home/hantianl/Documents/PIDIF/2d_geometry_step/rect_ar05.step,/home/hantianl/Documents/PIDIF/runs_2d/rect_ar05/rect_ar05.msh.h5,/home/hantianl/Documents/PIDIF/runs_2d/rect_ar05/case2d.cas.h5,/home/hantianl/Documents/PIDIF/runs_2d/rect_ar05/pin.txt,/home/hantianl/Documents/PIDIF/runs_2d/rect_ar05/pout.txt,0.1,0.0031307702,0.0,0.0031307702,/home/hantianl/Documents/PIDIF/runs_2d/rect_ar05/tin.txt,/home/hantianl/Documents/PIDIF/runs_2d/rect_ar05/tout.txt,272.99999,273.2212,open_cascade_step_translator_7.5,open_cascade_step_translator_7.3,open_cascade_step_translator_7.2,open_cascade_step_translator_7.4,504.6552152633667
rect_ar06,ok,/home/hantianl/Documents/PIDIF/2d_geometry_specs/rect_ar06.json,/home/hantianl/Documents/PIDIF/2d_geometry_step/rect_ar06.step,/home/hantianl/Documents/PIDIF/runs_2d/rect_ar06/rect_ar06.msh.h5,/home/hantianl/Documents/PIDIF/runs_2d/rect_ar06/case2d.cas.h5,/home/hantianl/Documents/PIDIF/runs_2d/rect_ar06/pin.txt,/home/hantianl/Documents/PIDIF/runs_2d/rect_ar06/pout.txt,0.1,0.0034408358,0.0,0.0034408358,/home/hantianl/Documents/PIDIF/runs_2d/rect_ar06/tin.txt,/home/hantianl/Documents/PIDIF/runs_2d/rect_ar06/tout.txt,272.99999,273.2395,open_cascade_step_translator_7.5,open_cascade_step_translator_7.3,open_cascade_step_translator_7.2,open_cascade_step_translator_7.4,555.2006533145905
rect_ar07,ok,/home/hantianl/Documents/PIDIF/2d_geometry_specs/rect_ar07.json,/home/hantianl/Documents/PIDIF/2d_geometry_step/rect_ar07.step,/home/hantianl/Documents/PIDIF/runs_2d/rect_ar07/rect_ar07.msh.h5,/home/hantianl/Documents/PIDIF/runs_2d/rect_ar07/case2d.cas.h5,/home/hantianl/Documents/PIDIF/runs_2d/rect_ar07/pin.txt,/home/hantianl/Documents/PIDIF/runs_2d/rect_ar07/pout.txt,0.1,0.0037331949,0.0,0.0037331949,/home/hantianl/Documents/PIDIF/runs_2d/rect_ar07/tin.txt,/home/hantianl/Documents/PIDIF/runs_2d/rect_ar07/tout.txt,272.99999,273.25591,open_cascade_step_translator_7.5,open_cascade_step_translator_7.3,open_cascade_step_translator_7.2,open_cascade_step_translator_7.4,580.9284331798553
rect_ar08,ok,/home/hantianl/Documents/PIDIF/2d_geometry_specs/rect_ar08.json,/home/hantianl/Documents/PIDIF/2d_geometry_step/rect_ar08.step,/home/hantianl/Documents/PIDIF/runs_2d/rect_ar08/rect_ar08.msh.h5,/home/hantianl/Documents/PIDIF/runs_2d/rect_ar08/case2d.cas.h5,/home/hantianl/Documents/PIDIF/runs_2d/rect_ar08/pin.txt,/home/hantianl/Documents/PIDIF/runs_2d/rect_ar08/pout.txt,0.1,0.0040082989,0.0,0.0040082989,/home/hantianl/Documents/PIDIF/runs_2d/rect_ar08/tin.txt,/home/hantianl/Documents/PIDIF/runs_2d/rect_ar08/tout.txt,272.99999,273.27066,open_cascade_step_translator_7.5,open_cascade_step_translator_7.3,open_cascade_step_translator_7.2,open_cascade_step_translator_7.4,632.762214422226
rect_ar09,ok,/home/hantianl/Documents/PIDIF/2d_geometry_specs/rect_ar09.json,/home/hantianl/Documents/PIDIF/2d_geometry_step/rect_ar09.step,/home/hantianl/Documents/PIDIF/runs_2d/rect_ar09/rect_ar09.msh.h5,/home/hantianl/Documents/PIDIF/runs_2d/rect_ar09/case2d.cas.h5,/home/hantianl/Documents/PIDIF/runs_2d/rect_ar09/pin.txt,/home/hantianl/Documents/PIDIF/runs_2d/rect_ar09/pout.txt,0.1,0.0042730508,0.0,0.0042730508,/home/hantianl/Documents/PIDIF/runs_2d/rect_ar09/tin.txt,/home/hantianl/Documents/PIDIF/runs_2d/rect_ar09/tout.txt,272.99999,273.28482,open_cascade_step_translator_7.5,open_cascade_step_translator_7.3,open_cascade_step_translator_7.2,open_cascade_step_translator_7.4,696.7680079936981
rect_ar10,ok,/home/hantianl/Documents/PIDIF/2d_geometry_specs/rect_ar10.json,/home/hantianl/Documents/PIDIF/2d_geometry_step/rect_ar10.step,/home/hantianl/Documents/PIDIF/runs_2d/rect_ar10/rect_ar10.msh.h5,/home/hantianl/Documents/PIDIF/runs_2d/rect_ar10/case2d.cas.h5,/home/hantianl/Documents/PIDIF/runs_2d/rect_ar10/pin.txt,/home/hantianl/Documents/PIDIF/runs_2d/rect_ar10/pout.txt,0.1,0.0045186966,0.0,0.0045186966,/home/hantianl/Documents/PIDIF/runs_2d/rect_ar10/tin.txt,/home/hantianl/Documents/PIDIF/runs_2d/rect_ar10/tout.txt,272.99999,273.29705,open_cascade_step_translator_7.5,open_cascade_step_translator_7.3,open_cascade_step_translator_7.2,open_cascade_step_translator_7.4,767.0553295612335
rect_ar11,ok,/home/hantianl/Documents/PIDIF/2d_geometry_specs/rect_ar11.json,/home/hantianl/Documents/PIDIF/2d_geometry_step/rect_ar11.step,/home/hantianl/Documents/PIDIF/runs_2d/rect_ar11/rect_ar11.msh.h5,/home/hantianl/Documents/PIDIF/runs_2d/rect_ar11/case2d.cas.h5,/home/hantianl/Documents/PIDIF/runs_2d/rect_ar11/pin.txt,/home/hantianl/Documents/PIDIF/runs_2d/rect_ar11/pout.txt,0.1,0.0047557254,0.0,0.0047557254,/home/hantianl/Documents/PIDIF/runs_2d/rect_ar11/tin.txt,/home/hantianl/Documents/PIDIF/runs_2d/rect_ar11/tout.txt,272.99999,273.30908,open_cascade_step_translator_7.5,open_cascade_step_translator_7.3,open_cascade_step_translator_7.2,open_cascade_step_translator_7.4,779.9655277729034
rect_ar12,ok,/home/hantianl/Documents/PIDIF/2d_geometry_specs/rect_ar12.json,/home/hantianl/Documents/PIDIF/2d_geometry_step/rect_ar12.step,/home/hantianl/Documents/PIDIF/runs_2d/rect_ar12/rect_ar12.msh.h5,/home/hantianl/Documents/PIDIF/runs_2d/rect_ar12/case2d.cas.h5,/home/hantianl/Documents/PIDIF/runs_2d/rect_ar12/pin.txt,/home/hantianl/Documents/PIDIF/runs_2d/rect_ar12/pout.txt,0.1,0.0049885235,0.0,0.0049885235,/home/hantianl/Documents/PIDIF/runs_2d/rect_ar12/tin.txt,/home/hantianl/Documents/PIDIF/runs_2d/rect_ar12/tout.txt,272.99999,273.32003,open_cascade_step_translator_7.5,open_cascade_step_translator_7.3,open_cascade_step_translator_7.2,open_cascade_step_translator_7.4,819.176698923111
rect_ar13,ok,/home/hantianl/Documents/PIDIF/2d_geometry_specs/rect_ar13.json,/home/hantianl/Documents/PIDIF/2d_geometry_step/rect_ar13.step,/home/hantianl/Documents/PIDIF/runs_2d/rect_ar13/rect_ar13.msh.h5,/home/hantianl/Documents/PIDIF/runs_2d/rect_ar13/case2d.cas.h5,/home/hantianl/Documents/PIDIF/runs_2d/rect_ar13/pin.txt,/home/hantianl/Documents/PIDIF/runs_2d/rect_ar13/pout.txt,0.1,0.0052117004,0.0,0.0052117004,/home/hantianl/Documents/PIDIF/runs_2d/rect_ar13/tin.txt,/home/hantianl/Documents/PIDIF/runs_2d/rect_ar13/tout.txt,272.99999,273.33076,open_cascade_step_translator_7.5,open_cascade_step_translator_7.3,open_cascade_step_translator_7.2,open_cascade_step_translator_7.4,902.0955057144165
rect_ar14,ok,/home/hantianl/Documents/PIDIF/2d_geometry_specs/rect_ar14.json,/home/hantianl/Documents/PIDIF/2d_geometry_step/rect_ar14.step,/home/hantianl/Documents/PIDIF/runs_2d/rect_ar14/rect_ar14.msh.h5,/home/hantianl/Documents/PIDIF/runs_2d/rect_ar14/case2d.cas.h5,/home/hantianl/Documents/PIDIF/runs_2d/rect_ar14/pin.txt,/home/hantianl/Documents/PIDIF/runs_2d/rect_ar14/pout.txt,0.1,0.0054271286,0.0,0.0054271286,/home/hantianl/Documents/PIDIF/runs_2d/rect_ar14/tin.txt,/home/hantianl/Documents/PIDIF/runs_2d/rect_ar14/tout.txt,272.99999,273.34076,open_cascade_step_translator_7.5,open_cascade_step_translator_7.3,open_cascade_step_translator_7.2,open_cascade_step_translator_7.4,956.1085393428802
rect_ar15,ok,/home/hantianl/Documents/PIDIF/2d_geometry_specs/rect_ar15.json,/home/hantianl/Documents/PIDIF/2d_geometry_step/rect_ar15.step,/home/hantianl/Documents/PIDIF/runs_2d/rect_ar15/rect_ar15.msh.h5,/home/hantianl/Documents/PIDIF/runs_2d/rect_ar15/case2d.cas.h5,/home/hantianl/Documents/PIDIF/runs_2d/rect_ar15/pin.txt,/home/hantianl/Documents/PIDIF/runs_2d/rect_ar15/pout.txt,0.1,0.0056397335,0.0,0.0056397335,/home/hantianl/Documents/PIDIF/runs_2d/rect_ar15/tin.txt,/home/hantianl/Documents/PIDIF/runs_2d/rect_ar15/tout.txt,272.99999,273.35057,open_cascade_step_translator_7.5,open_cascade_step_translator_7.3,open_cascade_step_translator_7.2,open_cascade_step_translator_7.4,983.9602742195129
rect_ar16,ok,/home/hantianl/Documents/PIDIF/2d_geometry_specs/rect_ar16.json,/home/hantianl/Documents/PIDIF/2d_geometry_step/rect_ar16.step,/home/hantianl/Documents/PIDIF/runs_2d/rect_ar16/rect_ar16.msh.h5,/home/hantianl/Documents/PIDIF/runs_2d/rect_ar16/case2d.cas.h5,/home/hantianl/Documents/PIDIF/runs_2d/rect_ar16/pin.txt,/home/hantianl/Documents/PIDIF/runs_2d/rect_ar16/pout.txt,0.1,0.0058479965,0.0,0.0058479965,/home/hantianl/Documents/PIDIF/runs_2d/rect_ar16/tin.txt,/home/hantianl/Documents/PIDIF/runs_2d/rect_ar16/tout.txt,272.99999,273.3596,open_cascade_step_translator_7.5,open_cascade_step_translator_7.3,open_cascade_step_translator_7.2,open_cascade_step_translator_7.4,1056.8820650577545
rect_ar17,ok,/home/hantianl/Documents/PIDIF/2d_geometry_specs/rect_ar17.json,/home/hantianl/Documents/PIDIF/2d_geometry_step/rect_ar17.step,/home/hantianl/Documents/PIDIF/runs_2d/rect_ar17/rect_ar17.msh.h5,/home/hantianl/Documents/PIDIF/runs_2d/rect_ar17/case2d.cas.h5,/home/hantianl/Documents/PIDIF/runs_2d/rect_ar17/pin.txt,/home/hantianl/Documents/PIDIF/runs_2d/rect_ar17/pout.txt,0.1,0.0060460044,0.0,0.0060460044,/home/hantianl/Documents/PIDIF/runs_2d/rect_ar17/tin.txt,/home/hantianl/Documents/PIDIF/runs_2d/rect_ar17/tout.txt,272.99999,273.36874,open_cascade_step_translator_7.5,open_cascade_step_translator_7.3,open_cascade_step_translator_7.2,open_cascade_step_translator_7.4,1118.961308479309
rect_ar18,ok,/home/hantianl/Documents/PIDIF/2d_geometry_specs/rect_ar18.json,/home/hantianl/Documents/PIDIF/2d_geometry_step/rect_ar18.step,/home/hantianl/Documents/PIDIF/runs_2d/rect_ar18/rect_ar18.msh.h5,/home/hantianl/Documents/PIDIF/runs_2d/rect_ar18/case2d.cas.h5,/home/hantianl/Documents/PIDIF/runs_2d/rect_ar18/pin.txt,/home/hantianl/Documents/PIDIF/runs_2d/rect_ar18/pout.txt,0.1,0.0062457508,0.0,0.0062457508,/home/hantianl/Documents/PIDIF/runs_2d/rect_ar18/tin.txt,/home/hantianl/Documents/PIDIF/runs_2d/rect_ar18/tout.txt,272.99999,273.37684,open_cascade_step_translator_7.5,open_cascade_step_translator_7.3,open_cascade_step_translator_7.2,open_cascade_step_translator_7.4,1157.9055769443512
rect_ar19,ok,/home/hantianl/Documents/PIDIF/2d_geometry_specs/rect_ar19.json,/home/hantianl/Documents/PIDIF/2d_geometry_step/rect_ar19.step,/home/hantianl/Documents/PIDIF/runs_2d/rect_ar19/rect_ar19.msh.h5,/home/hantianl/Documents/PIDIF/runs_2d/rect_ar19/case2d.cas.h5,/home/hantianl/Documents/PIDIF/runs_2d/rect_ar19/pin.txt,/home/hantianl/Documents/PIDIF/runs_2d/rect_ar19/pout.txt,0.1,0.0064377405,0.0,0.0064377405,/home/hantianl/Documents/PIDIF/runs_2d/rect_ar19/tin.txt,/home/hantianl/Documents/PIDIF/runs_2d/rect_ar19/tout.txt,272.99999,273.38494,open_cascade_step_translator_7.5,open_cascade_step_translator_7.3,open_cascade_step_translator_7.2,open_cascade_step_translator_7.4,1245.5514073371887
rect_ar20,ok,/home/hantianl/Documents/PIDIF/2d_geometry_specs/rect_ar20.json,/home/hantianl/Documents/PIDIF/2d_geometry_step/rect_ar20.step,/home/hantianl/Documents/PIDIF/runs_2d/rect_ar20/rect_ar20.msh.h5,/home/hantianl/Documents/PIDIF/runs_2d/rect_ar20/case2d.cas.h5,/home/hantianl/Documents/PIDIF/runs_2d/rect_ar20/pin.txt,/home/hantianl/Documents/PIDIF/runs_2d/rect_ar20/pout.txt,0.1,0.0066261945,0.0,0.0066261945,/home/hantianl/Documents/PIDIF/runs_2d/rect_ar20/tin.txt,/home/hantianl/Documents/PIDIF/runs_2d/rect_ar20/tout.txt,272.99999,273.39274,open_cascade_step_translator_7.5,open_cascade_step_translator_7.3,open_cascade_step_translator_7.2,open_cascade_step_translator_7.4,1213.6027920246124
rect_ar21,ok,/home/hantianl/Documents/PIDIF/2d_geometry_specs/rect_ar21.json,/home/hantianl/Documents/PIDIF/2d_geometry_step/rect_ar21.step,/home/hantianl/Documents/PIDIF/runs_2d/rect_ar21/rect_ar21.msh.h5,/home/hantianl/Documents/PIDIF/runs_2d/rect_ar21/case2d.cas.h5,/home/hantianl/Documents/PIDIF/runs_2d/rect_ar21/pin.txt,/home/hantianl/Documents/PIDIF/runs_2d/rect_ar21/pout.txt,0.1,0.0068094815,0.0,0.0068094815,/home/hantianl/Documents/PIDIF/runs_2d/rect_ar21/tin.txt,/home/hantianl/Documents/PIDIF/runs_2d/rect_ar21/tout.txt,272.99999,273.40022,open_cascade_step_translator_7.5,open_cascade_step_translator_7.3,open_cascade_step_translator_7.2,open_cascade_step_translator_7.4,1344.735233783722
rect_ar22,ok,/home/hantianl/Documents/PIDIF/2d_geometry_specs/rect_ar22.json,/home/hantianl/Documents/PIDIF/2d_geometry_step/rect_ar22.step,/home/hantianl/Documents/PIDIF/runs_2d/rect_ar22/rect_ar22.msh.h5,/home/hantianl/Documents/PIDIF/runs_2d/rect_ar22/case2d.cas.h5,/home/hantianl/Documents/PIDIF/runs_2d/rect_ar22/pin.txt,/home/hantianl/Documents/PIDIF/runs_2d/rect_ar22/pout.txt,0.1,0.006995223,0.0,0.006995223,/home/hantianl/Documents/PIDIF/runs_2d/rect_ar22/tin.txt,/home/hantianl/Documents/PIDIF/runs_2d/rect_ar22/tout.txt,272.99999,273.40765,open_cascade_step_translator_7.5,open_cascade_step_translator_7.3,open_cascade_step_translator_7.2,open_cascade_step_translator_7.4,1336.5511519908905
rect_ar23,ok,/home/hantianl/Documents/PIDIF/2d_geometry_specs/rect_ar23.json,/home/hantianl/Documents/PIDIF/2d_geometry_step/rect_ar23.step,/home/hantianl/Documents/PIDIF/runs_2d/rect_ar23/rect_ar23.msh.h5,/home/hantianl/Documents/PIDIF/runs_2d/rect_ar23/case2d.cas.h5,/home/hantianl/Documents/PIDIF/runs_2d/rect_ar23/pin.txt,/home/hantianl/Documents/PIDIF/runs_2d/rect_ar23/pout.txt,0.1,0.0071737465,0.0,0.0071737465,/home/hantianl/Documents/PIDIF/runs_2d/rect_ar23/tin.txt,/home/hantianl/Documents/PIDIF/runs_2d/rect_ar23/tout.txt,272.99999,273.41479,open_cascade_step_translator_7.5,open_cascade_step_translator_7.3,open_cascade_step_translator_7.2,open_cascade_step_translator_7.4,1495.4721629619598
rect_ar24,ok,/home/hantianl/Documents/PIDIF/2d_geometry_specs/rect_ar24.json,/home/hantianl/Documents/PIDIF/2d_geometry_step/rect_ar24.step,/home/hantianl/Documents/PIDIF/runs_2d/rect_ar24/rect_ar24.msh.h5,/home/hantianl/Documents/PIDIF/runs_2d/rect_ar24/case2d.cas.h5,/home/hantianl/Documents/PIDIF/runs_2d/rect_ar24/pin.txt,/home/hantianl/Documents/PIDIF/runs_2d/rect_ar24/pout.txt,0.1,0.0073499835,0.0,0.0073499835,/home/hantianl/Documents/PIDIF/runs_2d/rect_ar24/tin.txt,/home/hantianl/Documents/PIDIF/runs_2d/rect_ar24/tout.txt,272.99999,273.4216,open_cascade_step_translator_7.5,open_cascade_step_translator_7.3,open_cascade_step_translator_7.2,open_cascade_step_translator_7.4,1493.5230898857117
rect_ar25,ok,/home/hantianl/Documents/PIDIF/2d_geometry_specs/rect_ar25.json,/home/hantianl/Documents/PIDIF/2d_geometry_step/rect_ar25.step,/home/hantianl/Documents/PIDIF/runs_2d/rect_ar25/rect_ar25.msh.h5,/home/hantianl/Documents/PIDIF/runs_2d/rect_ar25/case2d.cas.h5,/home/hantianl/Documents/PIDIF/runs_2d/rect_ar25/pin.txt,/home/hantianl/Documents/PIDIF/runs_2d/rect_ar25/pout.txt,0.1,0.0075265473,0.0,0.0075265473,/home/hantianl/Documents/PIDIF/runs_2d/rect_ar25/tin.txt,/home/hantianl/Documents/PIDIF/runs_2d/rect_ar25/tout.txt,272.99999,273.42841,open_cascade_step_translator_7.5,open_cascade_step_translator_7.3,open_cascade_step_translator_7.2,open_cascade_step_translator_7.4,1617.3959720134735
rect_ar26,ok,/home/hantianl/Documents/PIDIF/2d_geometry_specs/rect_ar26.json,/home/hantianl/Documents/PIDIF/2d_geometry_step/rect_ar26.step,/home/hantianl/Documents/PIDIF/runs_2d/rect_ar26/rect_ar26.msh.h5,/home/hantianl/Documents/PIDIF/runs_2d/rect_ar26/case2d.cas.h5,/home/hantianl/Documents/PIDIF/runs_2d/rect_ar26/pin.txt,/home/hantianl/Documents/PIDIF/runs_2d/rect_ar26/pout.txt,0.1,0.007698857,0.0,0.007698857,/home/hantianl/Documents/PIDIF/runs_2d/rect_ar26/tin.txt,/home/hantianl/Documents/PIDIF/runs_2d/rect_ar26/tout.txt,272.99999,273.43496,open_cascade_step_translator_7.5,open_cascade_step_translator_7.3,open_cascade_step_translator_7.2,open_cascade_step_translator_7.4,1721.9465415477753
rect_ar27,ok,/home/hantianl/Documents/PIDIF/2d_geometry_specs/rect_ar27.json,/home/hantianl/Documents/PIDIF/2d_geometry_step/rect_ar27.step,/home/hantianl/Documents/PIDIF/runs_2d/rect_ar27/rect_ar27.msh.h5,/home/hantianl/Documents/PIDIF/runs_2d/rect_ar27/case2d.cas.h5,/home/hantianl/Documents/PIDIF/runs_2d/rect_ar27/pin.txt,/home/hantianl/Documents/PIDIF/runs_2d/rect_ar27/pout.txt,0.1,0.0078682352,0.0,0.0078682352,/home/hantianl/Documents/PIDIF/runs_2d/rect_ar27/tin.txt,/home/hantianl/Documents/PIDIF/runs_2d/rect_ar27/tout.txt,272.99999,273.44157,open_cascade_step_translator_7.5,open_cascade_step_translator_7.3,open_cascade_step_translator_7.2,open_cascade_step_translator_7.4,1596.669343471527
rect_ar28,ok,/home/hantianl/Documents/PIDIF/2d_geometry_specs/rect_ar28.json,/home/hantianl/Documents/PIDIF/2d_geometry_step/rect_ar28.step,/home/hantianl/Documents/PIDIF/runs_2d/rect_ar28/rect_ar28.msh.h5,/home/hantianl/Documents/PIDIF/runs_2d/rect_ar28/case2d.cas.h5,/home/hantianl/Documents/PIDIF/runs_2d/rect_ar28/pin.txt,/home/hantianl/Documents/PIDIF/runs_2d/rect_ar28/pout.txt,0.1,0.0080375787,0.0,0.0080375787,/home/hantianl/Documents/PIDIF/runs_2d/rect_ar28/tin.txt,/home/hantianl/Documents/PIDIF/runs_2d/rect_ar28/tout.txt,272.99999,273.44784,open_cascade_step_translator_7.5,open_cascade_step_translator_7.3,open_cascade_step_translator_7.2,open_cascade_step_translator_7.4,1600.8910083770752
rect_ar29,ok,/home/hantianl/Documents/PIDIF/2d_geometry_specs/rect_ar29.json,/home/hantianl/Documents/PIDIF/2d_geometry_step/rect_ar29.step,/home/hantianl/Documents/PIDIF/runs_2d/rect_ar29/rect_ar29.msh.h5,/home/hantianl/Documents/PIDIF/runs_2d/rect_ar29/case2d.cas.h5,/home/hantianl/Documents/PIDIF/runs_2d/rect_ar29/pin.txt,/home/hantianl/Documents/PIDIF/runs_2d/rect_ar29/pout.txt,0.1,0.0082057981,0.0,0.0082057981,/home/hantianl/Documents/PIDIF/runs_2d/rect_ar29/tin.txt,/home/hantianl/Documents/PIDIF/runs_2d/rect_ar29/tout.txt,272.99999,273.45369,open_cascade_step_translator_7.5,open_cascade_step_translator_7.3,open_cascade_step_translator_7.2,open_cascade_step_translator_7.4,1820.8779842853546
rect_ar30,ok,/home/hantianl/Documents/PIDIF/2d_geometry_specs/rect_ar30.json,/home/hantianl/Documents/PIDIF/2d_geometry_step/rect_ar30.step,/home/hantianl/Documents/PIDIF/runs_2d/rect_ar30/rect_ar30.msh.h5,/home/hantianl/Documents/PIDIF/runs_2d/rect_ar30/case2d.cas.h5,/home/hantianl/Documents/PIDIF/runs_2d/rect_ar30/pin.txt,/home/hantianl/Documents/PIDIF/runs_2d/rect_ar30/pout.txt,0.1,0.0083695685,0.0,0.0083695685,/home/hantianl/Documents/PIDIF/runs_2d/rect_ar30/tin.txt,/home/hantianl/Documents/PIDIF/runs_2d/rect_ar30/tout.txt,272.99999,273.45948,open_cascade_step_translator_7.5,open_cascade_step_translator_7.3,open_cascade_step_translator_7.2,open_cascade_step_translator_7.4,1690.823067188263
rect_ar31,ok,/home/hantianl/Documents/PIDIF/2d_geometry_specs/rect_ar31.json,/home/hantianl/Documents/PIDIF/2d_geometry_step/rect_ar31.step,/home/hantianl/Documents/PIDIF/runs_2d/rect_ar31/rect_ar31.msh.h5,/home/hantianl/Documents/PIDIF/runs_2d/rect_ar31/case2d.cas.h5,/home/hantianl/Documents/PIDIF/runs_2d/rect_ar31/pin.txt,/home/hantianl/Documents/PIDIF/runs_2d/rect_ar31/pout.txt,0.1,0.0085377501,0.0,0.0085377501,/home/hantianl/Documents/PIDIF/runs_2d/rect_ar31/tin.txt,/home/hantianl/Documents/PIDIF/runs_2d/rect_ar31/tout.txt,272.99999,273.46554,open_cascade_step_translator_7.5,open_cascade_step_translator_7.3,open_cascade_step_translator_7.2,open_cascade_step_translator_7.4,1836.4942471981049
rect_ar32,ok,/home/hantianl/Documents/PIDIF/2d_geometry_specs/rect_ar32.json,/home/hantianl/Documents/PIDIF/2d_geometry_step/rect_ar32.step,/home/hantianl/Documents/PIDIF/runs_2d/rect_ar32/rect_ar32.msh.h5,/home/hantianl/Documents/PIDIF/runs_2d/rect_ar32/case2d.cas.h5,/home/hantianl/Documents/PIDIF/runs_2d/rect_ar32/pin.txt,/home/hantianl/Documents/PIDIF/runs_2d/rect_ar32/pout.txt,0.1,0.0086997922,0.0,0.0086997922,/home/hantianl/Documents/PIDIF/runs_2d/rect_ar32/tin.txt,/home/hantianl/Documents/PIDIF/runs_2d/rect_ar32/tout.txt,272.99999,273.47135,open_cascade_step_translator_7.5,open_cascade_step_translator_7.3,open_cascade_step_translator_7.2,open_cascade_step_translator_7.4,1679.7941122055054
rect_ar33,ok,/home/hantianl/Documents/PIDIF/2d_geometry_specs/rect_ar33.json,/home/hantianl/Documents/PIDIF/2d_geometry_step/rect_ar33.step,/home/hantianl/Documents/PIDIF/runs_2d/rect_ar33/rect_ar33.msh.h5,/home/hantianl/Documents/PIDIF/runs_2d/rect_ar33/case2d.cas.h5,/home/hantianl/Documents/PIDIF/runs_2d/rect_ar33/pin.txt,/home/hantianl/Documents/PIDIF/runs_2d/rect_ar33/pout.txt,0.1,0.0088557567,0.0,0.0088557567,/home/hantianl/Documents/PIDIF/runs_2d/rect_ar33/tin.txt,/home/hantianl/Documents/PIDIF/runs_2d/rect_ar33/tout.txt,272.99999,273.47702,open_cascade_step_translator_7.5,open_cascade_step_translator_7.3,open_cascade_step_translator_7.2,open_cascade_step_translator_7.4,1861.172601222992
rect_ar34,ok,/home/hantianl/Documents/PIDIF/2d_geometry_specs/rect_ar34.json,/home/hantianl/Documents/PIDIF/2d_geometry_step/rect_ar34.step,/home/hantianl/Documents/PIDIF/runs_2d/rect_ar34/rect_ar34.msh.h5,/home/hantianl/Documents/PIDIF/runs_2d/rect_ar34/case2d.cas.h5,/home/hantianl/Documents/PIDIF/runs_2d/rect_ar34/pin.txt,/home/hantianl/Documents/PIDIF/runs_2d/rect_ar34/pout.txt,0.1,0.0090191098,0.0,0.0090191098,/home/hantianl/Documents/PIDIF/runs_2d/rect_ar34/tin.txt,/home/hantianl/Documents/PIDIF/runs_2d/rect_ar34/tout.txt,272.99999,273.48251,open_cascade_step_translator_7.5,open_cascade_step_translator_7.3,open_cascade_step_translator_7.2,open_cascade_step_translator_7.4,1865.498151063919
rect_ar35,ok,/home/hantianl/Documents/PIDIF/2d_geometry_specs/rect_ar35.json,/home/hantianl/Documents/PIDIF/2d_geometry_step/rect_ar35.step,/home/hantianl/Documents/PIDIF/runs_2d/rect_ar35/rect_ar35.msh.h5,/home/hantianl/Documents/PIDIF/runs_2d/rect_ar35/case2d.cas.h5,/home/hantianl/Documents/PIDIF/runs_2d/rect_ar35/pin.txt,/home/hantianl/Documents/PIDIF/runs_2d/rect_ar35/pout.txt,0.1,0.0091755094,0.0,0.0091755094,/home/hantianl/Documents/PIDIF/runs_2d/rect_ar35/tin.txt,/home/hantianl/Documents/PIDIF/runs_2d/rect_ar35/tout.txt,272.99999,273.48752,open_cascade_step_translator_7.5,open_cascade_step_translator_7.3,open_cascade_step_translator_7.2,open_cascade_step_translator_7.4,1953.8177576065063
rect_ar36,ok,/home/hantianl/Documents/PIDIF/2d_geometry_specs/rect_ar36.json,/home/hantianl/Documents/PIDIF/2d_geometry_step/rect_ar36.step,/home/hantianl/Documents/PIDIF/runs_2d/rect_ar36/rect_ar36.msh.h5,/home/hantianl/Documents/PIDIF/runs_2d/rect_ar36/case2d.cas.h5,/home/hantianl/Documents/PIDIF/runs_2d/rect_ar36/pin.txt,/home/hantianl/Documents/PIDIF/runs_2d/rect_ar36/pout.txt,0.1,0.0093352153,0.0,0.0093352153,/home/hantianl/Documents/PIDIF/runs_2d/rect_ar36/tin.txt,/home/hantianl/Documents/PIDIF/runs_2d/rect_ar36/tout.txt,272.99999,273.49336,open_cascade_step_translator_7.5,open_cascade_step_translator_7.3,open_cascade_step_translator_7.2,open_cascade_step_translator_7.4,1994.4695851802826
rect_ar37,ok,/home/hantianl/Documents/PIDIF/2d_geometry_specs/rect_ar37.json,/home/hantianl/Documents/PIDIF/2d_geometry_step/rect_ar37.step,/home/hantianl/Documents/PIDIF/runs_2d/rect_ar37/rect_ar37.msh.h5,/home/hantianl/Documents/PIDIF/runs_2d/rect_ar37/case2d.cas.h5,/home/hantianl/Documents/PIDIF/runs_2d/rect_ar37/pin.txt,/home/hantianl/Documents/PIDIF/runs_2d/rect_ar37/pout.txt,0.1,0.0094912522,0.0,0.0094912522,/home/hantianl/Documents/PIDIF/runs_2d/rect_ar37/tin.txt,/home/hantianl/Documents/PIDIF/runs_2d/rect_ar37/tout.txt,272.99999,273.49866,open_cascade_step_translator_7.5,open_cascade_step_translator_7.3,open_cascade_step_translator_7.2,open_cascade_step_translator_7.4,2115.8139955997467
rect_ar38,ok,/home/hantianl/Documents/PIDIF/2d_geometry_specs/rect_ar38.json,/home/hantianl/Documents/PIDIF/2d_geometry_step/rect_ar38.step,/home/hantianl/Documents/PIDIF/runs_2d/rect_ar38/rect_ar38.msh.h5,/home/hantianl/Documents/PIDIF/runs_2d/rect_ar38/case2d.cas.h5,/home/hantianl/Documents/PIDIF/runs_2d/rect_ar38/pin.txt,/home/hantianl/Documents/PIDIF/runs_2d/rect_ar38/pout.txt,0.1,0.0096499025,0.0,0.0096499025,/home/hantianl/Documents/PIDIF/runs_2d/rect_ar38/tin.txt,/home/hantianl/Documents/PIDIF/runs_2d/rect_ar38/tout.txt,272.99999,273.50374,open_cascade_step_translator_7.5,open_cascade_step_translator_7.3,open_cascade_step_translator_7.2,open_cascade_step_translator_7.4,1952.7142443656921
rect_ar39,ok,/home/hantianl/Documents/PIDIF/2d_geometry_specs/rect_ar39.json,/home/hantianl/Documents/PIDIF/2d_geometry_step/rect_ar39.step,/home/hantianl/Documents/PIDIF/runs_2d/rect_ar39/rect_ar39.msh.h5,/home/hantianl/Documents/PIDIF/runs_2d/rect_ar39/case2d.cas.h5,/home/hantianl/Documents/PIDIF/runs_2d/rect_ar39/pin.txt,/home/hantianl/Documents/PIDIF/runs_2d/rect_ar39/pout.txt,0.1,0.0098062886,0.0,0.0098062886,/home/hantianl/Documents/PIDIF/runs_2d/rect_ar39/tin.txt,/home/hantianl/Documents/PIDIF/runs_2d/rect_ar39/tout.txt,272.99999,273.50927,open_cascade_step_translator_7.5,open_cascade_step_translator_7.3,open_cascade_step_translator_7.2,open_cascade_step_translator_7.4,1993.61625790596
rect_ar40,ok,/home/hantianl/Documents/PIDIF/2d_geometry_specs/rect_ar40.json,/home/hantianl/Documents/PIDIF/2d_geometry_step/rect_ar40.step,/home/hantianl/Documents/PIDIF/runs_2d/rect_ar40/rect_ar40.msh.h5,/home/hantianl/Documents/PIDIF/runs_2d/rect_ar40/case2d.cas.h5,/home/hantianl/Documents/PIDIF/runs_2d/rect_ar40/pin.txt,/home/hantianl/Documents/PIDIF/runs_2d/rect_ar40/pout.txt,0.1,0.0099579591,0.0,0.0099579591,/home/hantianl/Documents/PIDIF/runs_2d/rect_ar40/tin.txt,/home/hantianl/Documents/PIDIF/runs_2d/rect_ar40/tout.txt,272.99999,273.51397,open_cascade_step_translator_7.5,open_cascade_step_translator_7.3,open_cascade_step_translator_7.2,open_cascade_step_translator_7.4,2371.9156658649445
rect_ar41,ok,/home/hantianl/Documents/PIDIF/2d_geometry_specs/rect_ar41.json,/home/hantianl/Documents/PIDIF/2d_geometry_step/rect_ar41.step,/home/hantianl/Documents/PIDIF/runs_2d/rect_ar41/rect_ar41.msh.h5,/home/hantianl/Documents/PIDIF/runs_2d/rect_ar41/case2d.cas.h5,/home/hantianl/Documents/PIDIF/runs_2d/rect_ar41/pin.txt,/home/hantianl/Documents/PIDIF/runs_2d/rect_ar41/pout.txt,0.1,0.010110468,0.0,0.010110468,/home/hantianl/Documents/PIDIF/runs_2d/rect_ar41/tin.txt,/home/hantianl/Documents/PIDIF/runs_2d/rect_ar41/tout.txt,272.99999,273.51932,open_cascade_step_translator_7.5,open_cascade_step_translator_7.3,open_cascade_step_translator_7.2,open_cascade_step_translator_7.4,2065.1038892269135
rect_ar42,ok,/home/hantianl/Documents/PIDIF/2d_geometry_specs/rect_ar42.json,/home/hantianl/Documents/PIDIF/2d_geometry_step/rect_ar42.step,/home/hantianl/Documents/PIDIF/runs_2d/rect_ar42/rect_ar42.msh.h5,/home/hantianl/Documents/PIDIF/runs_2d/rect_ar42/case2d.cas.h5,/home/hantianl/Documents/PIDIF/runs_2d/rect_ar42/pin.txt,/home/hantianl/Documents/PIDIF/runs_2d/rect_ar42/pout.txt,0.1,0.010260208,0.0,0.010260208,/home/hantianl/Documents/PIDIF/runs_2d/rect_ar42/tin.txt,/home/hantianl/Documents/PIDIF/runs_2d/rect_ar42/tout.txt,272.99999,273.52375,open_cascade_step_translator_7.5,open_cascade_step_translator_7.3,open_cascade_step_translator_7.2,open_cascade_step_translator_7.4,2055.038069009781
rect_ar43,ok,/home/hantianl/Documents/PIDIF/2d_geometry_specs/rect_ar43.json,/home/hantianl/Documents/PIDIF/2d_geometry_step/rect_ar43.step,/home/hantianl/Documents/PIDIF/runs_2d/rect_ar43/rect_ar43.msh.h5,/home/hantianl/Documents/PIDIF/runs_2d/rect_ar43/case2d.cas.h5,/home/hantianl/Documents/PIDIF/runs_2d/rect_ar43/pin.txt,/home/hantianl/Documents/PIDIF/runs_2d/rect_ar43/pout.txt,0.1,0.010415657,0.0,0.010415657,/home/hantianl/Documents/PIDIF/runs_2d/rect_ar43/tin.txt,/home/hantianl/Documents/PIDIF/runs_2d/rect_ar43/tout.txt,272.99999,273.52855,open_cascade_step_translator_7.5,open_cascade_step_translator_7.3,open_cascade_step_translator_7.2,open_cascade_step_translator_7.4,2487.7285335063934
rect_ar44,ok,/home/hantianl/Documents/PIDIF/2d_geometry_specs/rect_ar44.json,/home/hantianl/Documents/PIDIF/2d_geometry_step/rect_ar44.step,/home/hantianl/Documents/PIDIF/runs_2d/rect_ar44/rect_ar44.msh.h5,/home/hantianl/Documents/PIDIF/runs_2d/rect_ar44/case2d.cas.h5,/home/hantianl/Documents/PIDIF/runs_2d/rect_ar44/pin.txt,/home/hantianl/Documents/PIDIF/runs_2d/rect_ar44/pout.txt,0.1,0.010564397,0.0,0.010564397,/home/hantianl/Documents/PIDIF/runs_2d/rect_ar44/tin.txt,/home/hantianl/Documents/PIDIF/runs_2d/rect_ar44/tout.txt,272.99999,273.53337,open_cascade_step_translator_7.5,open_cascade_step_translator_7.3,open_cascade_step_translator_7.2,open_cascade_step_translator_7.4,2017.5993719100952
rect_ar45,ok,/home/hantianl/Documents/PIDIF/2d_geometry_specs/rect_ar45.json,/home/hantianl/Documents/PIDIF/2d_geometry_step/rect_ar45.step,/home/hantianl/Documents/PIDIF/runs_2d/rect_ar45/rect_ar45.msh.h5,/home/hantianl/Documents/PIDIF/runs_2d/rect_ar45/case2d.cas.h5,/home/hantianl/Documents/PIDIF/runs_2d/rect_ar45/pin.txt,/home/hantianl/Documents/PIDIF/runs_2d/rect_ar45/pout.txt,0.1,0.010713623,0.0,0.010713623,/home/hantianl/Documents/PIDIF/runs_2d/rect_ar45/tin.txt,/home/hantianl/Documents/PIDIF/runs_2d/rect_ar45/tout.txt,272.99999,273.53819,open_cascade_step_translator_7.5,open_cascade_step_translator_7.3,open_cascade_step_translator_7.2,open_cascade_step_translator_7.4,2333.4576025009155
rect_ar46,ok,/home/hantianl/Documents/PIDIF/2d_geometry_specs/rect_ar46.json,/home/hantianl/Documents/PIDIF/2d_geometry_step/rect_ar46.step,/home/hantianl/Documents/PIDIF/runs_2d/rect_ar46/rect_ar46.msh.h5,/home/hantianl/Documents/PIDIF/runs_2d/rect_ar46/case2d.cas.h5,/home/hantianl/Documents/PIDIF/runs_2d/rect_ar46/pin.txt,/home/hantianl/Documents/PIDIF/runs_2d/rect_ar46/pout.txt,0.1,0.010865785,0.0,0.010865785,/home/hantianl/Documents/PIDIF/runs_2d/rect_ar46/tin.txt,/home/hantianl/Documents/PIDIF/runs_2d/rect_ar46/tout.txt,272.99999,273.54287,open_cascade_step_translator_7.5,open_cascade_step_translator_7.3,open_cascade_step_translator_7.2,open_cascade_step_translator_7.4,2086.7019329071045
rect_ar47,ok,/home/hantianl/Documents/PIDIF/2d_geometry_specs/rect_ar47.json,/home/hantianl/Documents/PIDIF/2d_geometry_step/rect_ar47.step,/home/hantianl/Documents/PIDIF/runs_2d/rect_ar47/rect_ar47.msh.h5,/home/hantianl/Documents/PIDIF/runs_2d/rect_ar47/case2d.cas.h5,/home/hantianl/Documents/PIDIF/runs_2d/rect_ar47/pin.txt,/home/hantianl/Documents/PIDIF/runs_2d/rect_ar47/pout.txt,0.1,0.011014229,0.0,0.011014229,/home/hantianl/Documents/PIDIF/runs_2d/rect_ar47/tin.txt,/home/hantianl/Documents/PIDIF/runs_2d/rect_ar47/tout.txt,272.99999,273.54747,open_cascade_step_translator_7.5,open_cascade_step_translator_7.3,open_cascade_step_translator_7.2,open_cascade_step_translator_7.4,2256.4716231822968
rect_ar48,ok,/home/hantianl/Documents/PIDIF/2d_geometry_specs/rect_ar48.json,/home/hantianl/Documents/PIDIF/2d_geometry_step/rect_ar48.step,/home/hantianl/Documents/PIDIF/runs_2d/rect_ar48/rect_ar48.msh.h5,/home/hantianl/Documents/PIDIF/runs_2d/rect_ar48/case2d.cas.h5,/home/hantianl/Documents/PIDIF/runs_2d/rect_ar48/pin.txt,/home/hantianl/Documents/PIDIF/runs_2d/rect_ar48/pout.txt,0.1,0.011166781,0.0,0.011166781,/home/hantianl/Documents/PIDIF/runs_2d/rect_ar48/tin.txt,/home/hantianl/Documents/PIDIF/runs_2d/rect_ar48/tout.txt,272.99999,273.55186,open_cascade_step_translator_7.5,open_cascade_step_translator_7.3,open_cascade_step_translator_7.2,open_cascade_step_translator_7.4,2260.889295578003
rect_ar49,ok,/home/hantianl/Documents/PIDIF/2d_geometry_specs/rect_ar49.json,/home/hantianl/Documents/PIDIF/2d_geometry_step/rect_ar49.step,/home/hantianl/Documents/PIDIF/runs_2d/rect_ar49/rect_ar49.msh.h5,/home/hantianl/Documents/PIDIF/runs_2d/rect_ar49/case2d.cas.h5,/home/hantianl/Documents/PIDIF/runs_2d/rect_ar49/pin.txt,/home/hantianl/Documents/PIDIF/runs_2d/rect_ar49/pout.txt,0.1,0.011314458,0.0,0.011314458,/home/hantianl/Documents/PIDIF/runs_2d/rect_ar49/tin.txt,/home/hantianl/Documents/PIDIF/runs_2d/rect_ar49/tout.txt,272.99999,273.55643,open_cascade_step_translator_7.5,open_cascade_step_translator_7.3,open_cascade_step_translator_7.2,open_cascade_step_translator_7.4,2317.7354815006256
rect_ar50,ok,/home/hantianl/Documents/PIDIF/2d_geometry_specs/rect_ar50.json,/home/hantianl/Documents/PIDIF/2d_geometry_step/rect_ar50.step,/home/hantianl/Documents/PIDIF/runs_2d/rect_ar50/rect_ar50.msh.h5,/home/hantianl/Documents/PIDIF/runs_2d/rect_ar50/case2d.cas.h5,/home/hantianl/Documents/PIDIF/runs_2d/rect_ar50/pin.txt,/home/hantianl/Documents/PIDIF/runs_2d/rect_ar50/pout.txt,0.1,0.011461759,0.0,0.011461759,/home/hantianl/Documents/PIDIF/runs_2d/rect_ar50/tin.txt,/home/hantianl/Documents/PIDIF/runs_2d/rect_ar50/tout.txt,272.99999,273.56085,open_cascade_step_translator_7.5,open_cascade_step_translator_7.3,open_cascade_step_translator_7.2,open_cascade_step_translator_7.4,2351.828655719757
