iter,continuity,x-velocity,y-velocity
1,1.0,0.0003179372397909786,4.670790063603389e-05
2,0.6241435016685868,0.0001885716552693412,2.157100614097624e-05
3,0.3929845492191917,0.0001154061335721514,1.06468069136589e-05
4,0.2332357546479402,7.53371640485504e-05,5.582574087108088e-06
5,0.14588641369507,5.000611272114562e-05,3.15604752578029e-06
6,0.1088516219663908,3.411718912120342e-05,1.923211358886807e-06
7,0.09644257653615691,2.443792553409809e-05,1.261536792318106e-06
8,0.08669369119760466,1.847903896024038e-05,9.141824337260871e-07
9,0.07351362453282996,1.473666805440232e-05,7.238109226627683e-07
10,0.06082896857839205,1.235781270778943e-05,6.176111138875537e-07
11,0.04927747079286871,1.073806382345951e-05,5.506715259470367e-07
12,0.04068481277928914,9.568013215705854e-06,5.008793618032158e-07
13,0.03401370533542313,8.685107978797999e-06,4.551400424025165e-07
14,0.02926149250251136,7.985058756229598e-06,4.162292531000371e-07
15,0.02541103809138608,7.407363883072193e-06,3.822622202110587e-07
16,0.0223275652570485,6.907979740108171e-06,3.547556112680384e-07
17,0.01988642535618692,6.47110526343681e-06,3.314946664889907e-07
18,0.01794574405799152,6.084761866412178e-06,3.116708724606342e-07
19,0.0163647932931251,5.737635998078923e-06,2.939191691749864e-07
20,0.01510351517405189,5.422902702965428e-06,2.777553219345966e-07
21,0.01410644707690754,5.134009364701747e-06,2.630563193880982e-07
22,0.01324583667659703,4.869162651583663e-06,2.489232932432058e-07
23,0.0125160699163253,4.623033941635442e-06,2.359024344279906e-07
24,0.01186307358285676,4.395416987558709e-06,2.240245735695206e-07
25,0.01130729673782698,4.182407912994644e-06,2.137903434099247e-07
26,0.01078376535348183,3.983200748886573e-06,2.045256977170917e-07
27,0.01030793021938239,3.79667040994714e-06,1.960286334724992e-07
28,0.009847296361945649,3.621290356555734e-06,1.880181609057719e-07
29,0.009459574015505727,3.456712518043179e-06,1.802591731962133e-07
30,0.009074433837256096,3.301829320207045e-06,1.727093142204755e-07
31,0.008691399263903372,3.155747374001552e-06,1.654343797034762e-07
32,0.008338976741232152,3.017847941325391e-06,1.584369249458888e-07
33,0.007994285712437871,2.887266570464858e-06,1.515662291378003e-07
34,0.007659212263266255,2.763558524095403e-06,1.45030371491569e-07
35,0.007329670674756367,2.646561764213471e-06,1.389344130679536e-07
36,0.007003590234116674,2.535143359173992e-06,1.330223848993989e-07
37,0.006696048155783048,2.42933369694025e-06,1.274025573234066e-07
38,0.006415273992305837,2.328426828501985e-06,1.21988630204937e-07
39,0.00615113508866029,2.231960303313872e-06,1.167198886575739e-07
40,0.005907690478897333,2.140164506474737e-06,1.117139133093427e-07
41,0.005673998445717834,2.052861361361757e-06,1.069268719648969e-07
42,0.005448227302608103,1.969408891829749e-06,1.02304880759688e-07
43,0.005231842026377033,1.88978783219501e-06,9.789055831597946e-08
44,0.005024923125730963,1.81363848541247e-06,9.365891848520703e-08
45,0.00481875759745137,1.740691875231149e-06,8.957856703770823e-08
46,0.004621449213000836,1.670869159861384e-06,8.565742270878435e-08
47,0.004436352930205606,1.604209008794016e-06,8.191094112988683e-08
48,0.004260555505495996,1.540272886257844e-06,7.827759169836133e-08
49,0.004088964518895117,1.479088730562149e-06,7.480920599044201e-08
50,0.003924328131225807,1.420341272510532e-06,7.147854626701065e-08
51,0.003763985383138929,1.364011590362249e-06,6.827980750171883e-08
52,0.003609106953364352,1.309960250790044e-06,6.520262803815654e-08
53,0.003459264121232264,1.258104060799478e-06,6.224998280645117e-08
54,0.003316266113186613,1.208426875625902e-06,5.944277987749069e-08
55,0.003176247445068578,1.160817515789842e-06,5.675011503842374e-08
56,0.003042760697028194,1.114876448288477e-06,5.41561520441835e-08
57,0.002912266781144851,1.070972165590035e-06,5.168927046850801e-08
58,0.002790436264662707,1.028579924289198e-06,4.931081695366407e-08
59,0.002673356541898127,9.879300920801928e-07,4.704586360321265e-08
60,0.002561002013880263,9.490110025421578e-07,4.489080591568551e-08
61,0.002451703517699099,9.115908188317982e-07,4.282861284953307e-08
62,0.002346726794706675,8.756401245449259e-07,4.085988119751737e-08
63,0.002244469937023519,8.409860918561337e-07,3.897742152122839e-08
64,0.00214998638917871,8.0772077951352e-07,3.719448111866936e-08
65,0.00205668062119092,7.758943176041649e-07,3.550413448082516e-08
66,0.001966181725132775,7.452396550647783e-07,3.389199654636131e-08
67,0.001879457395944055,7.157302328154398e-07,3.236081076072838e-08
68,0.001796246748890467,6.873483858603481e-07,3.092402639545003e-08
69,0.001717215216049855,6.600469811252376e-07,2.958153189606581e-08
70,0.001643310511000231,6.337442887955889e-07,2.834586705616934e-08
71,0.001573504465639469,6.084912869168315e-07,2.720296530002163e-08
72,0.001506701840866652,5.842376345034211e-07,2.612821612589141e-08
73,0.001443118485099278,5.609379621209712e-07,2.511075887161199e-08
74,0.001382630595156825,5.385121376331152e-07,2.41382094162011e-08
75,0.001324761079590415,5.169752364939932e-07,2.321077278805815e-08
76,0.00126915670002449,4.96280991399359e-07,2.232747702427536e-08
77,0.001215655948191989,4.763913520737602e-07,2.147965569330914e-08
78,0.001162454571399342,4.572617415710684e-07,2.066556138610758e-08
79,0.00111238960626737,4.388473832092814e-07,1.988237727311264e-08
80,0.001063486593922783,4.21245836511107e-07,1.912989205143404e-08
81,0.001016372643068733,4.042593715237791e-07,1.839937744397003e-08
82,0.0009703947356178294,3.878851978763954e-07,1.769240699314768e-08
83,0.0009267747315084704,3.721154188170432e-07,1.700905745646856e-08
84,0.0008857226925897284,3.569402898274422e-07,1.635027589570988e-08
85,0.0008479277819350382,3.423033373438039e-07,1.571770972887602e-08
86,0.0008121741185346849,3.282611867777522e-07,1.510752611058519e-08
87,0.0007782949576288088,3.147874914064616e-07,1.451855837866826e-08
88,0.0007458063416167246,3.018506394057271e-07,1.395075314629145e-08
89,0.0007143603020680487,2.894243999282573e-07,1.340172591125638e-08
90,0.0006847007775163599,2.774844455812198e-07,1.287145325826236e-08
91,0.0006562138899063393,2.660086793665455e-07,1.235776481009439e-08
92,0.0006286673584071916,2.549771797485054e-07,1.185982346744263e-08
93,0.0006025248698259514,2.443650116491976e-07,1.137829918429502e-08
94,0.0005773404531105695,2.341676106341571e-07,1.091329567682126e-08
95,0.0005528095635144525,2.243736591040765e-07,1.046459028373676e-08
96,0.0005294157381152902,2.149567248924671e-07,1.003147653883953e-08
97,0.0005071615139493967,2.059018501020637e-07,9.613990694981932e-09
98,0.000485851579288928,1.972032651888767e-07,9.211977980900856e-09
99,0.0004653866619305039,1.888535364159323e-07,8.824537921997405e-09
100,0.0004457412755697769,1.808239194910968e-07,8.450394505869177e-09
101,0.000427083059944322,1.731158931435158e-07,8.091632519991426e-09
102,0.0004093072707361409,1.657165586905888e-07,7.747041719926071e-09
103,0.000392287602598111,1.586135613251662e-07,7.41566945788455e-09
104,0.0003758890844302136,1.517952503500484e-07,7.096937682448534e-09
105,0.0003601549669230621,1.452506113948831e-07,6.790562407139048e-09
106,0.0003451026212555537,1.389691977274965e-07,6.496827803674661e-09
107,0.0003307310156138763,1.329407354371094e-07,6.215505145556599e-09
108,0.0003166926810327595,1.271587862903646e-07,5.945823662406227e-09
109,0.0003033311940197321,1.216048572125846e-07,5.687598282572392e-09
110,0.0002906640482464835,1.162780638309507e-07,5.440196537182359e-09
111,0.0002785279376506663,1.111711421776595e-07,5.20355081137659e-09
112,0.0002668050923079854,1.062753407169931e-07,4.977261805380546e-09
113,0.0002555456625129006,1.015822132250268e-07,4.761076962818163e-09
114,0.0002447893408251186,9.708372613454775e-08,4.55452160365716e-09
115,0.0002342603097814555,9.277668703144969e-08,4.35694413865734e-09
116,0.0002241265885837014,8.864689593605304e-08,4.168088629373269e-09
117,0.0002144586305281664,8.468796322645415e-08,3.98774731600188e-09
118,0.0002051599466018477,8.089394179758083e-08,3.815583904139019e-09
119,0.0001962641494627919,7.725901364880732e-08,3.651127974372915e-09
120,0.0001877811734441316,7.377751322847189e-08,3.49409992911017e-09
121,0.0001796289313672005,7.044387455845366e-08,3.344195331854792e-09
122,0.0001717935013927011,6.725254308237546e-08,3.200896588088825e-09
123,0.0001643612848644693,6.419806016660759e-08,3.063939484968925e-09
124,0.0001572201612113557,6.127514956207428e-08,2.933440933991199e-09
125,0.00015035968976184,5.847854547935961e-08,2.80869784228273e-09
126,0.0001437641197898671,5.580138123915274e-08,2.689442339565802e-09
127,0.0001374908963570453,5.324113256242501e-08,2.576126227930702e-09
128,0.0001314808467442762,5.079324312551813e-08,2.468196718485801e-09
129,0.0001257117189666962,4.845281350463168e-08,2.365172070040778e-09
130,0.0001202062704929546,4.621509188007281e-08,2.266886279607122e-09
131,0.0001148971110125514,4.40757547745459e-08,2.173076155798787e-09
132,0.000109790805469866,4.203053715766482e-08,2.083515899766148e-09
133,0.0001049351693418115,4.007540398586209e-08,1.998050325341723e-09
134,0.000100294093821589,3.820655117721093e-08,1.916381916949118e-09
135,9.58070368223126e-05,3.642034541668168e-08,1.838366034610339e-09
136,9.145962635780994e-05,3.471331639304784e-08,1.763684922363158e-09
137,8.730339806148881e-05,3.308216738980569e-08,1.692304410874122e-09
138,8.34390919307112e-05,3.152395754009201e-08,1.624182259676179e-09
139,7.972844257816012e-05,3.003544830737452e-08,1.558917997968771e-09
140,7.614091420447703e-05,2.861340996955651e-08,1.496424785340827e-09
141,7.267571711154149e-05,2.725506686539342e-08,1.436555169137897e-09
142,6.937730965125425e-05,2.595774621652214e-08,1.37920388554023e-09
143,6.622757168089208e-05,2.471887486488589e-08,1.324211279764955e-09
144,6.31994260274723e-05,2.353596829134079e-08,1.271506639747641e-09
145,6.029072566091037e-05,2.240660451259613e-08,1.220854992126734e-09
146,5.750540345540393e-05,2.132934288650357e-08,1.172211995245482e-09
147,5.484516582623424e-05,2.030070047653927e-08,1.125469885941287e-09
148,5.232501003062778e-05,1.931844859893844e-08,1.080544014340315e-09
149,5.254304312110262e-05,1.8380256488084e-08,1.040358350820544e-09
150,5.185929834406454e-05,1.74854728686884e-08,1.00306245092593e-09
151,5.03836942637345e-05,1.6633513727575e-08,9.65664383940862e-10
152,4.850249657881229e-05,1.582295502536903e-08,9.282964432607788e-10
153,4.646515497360749e-05,1.505079405490322e-08,8.915337259463221e-10
154,4.436334076336396e-05,1.431477410605189e-08,8.558277192854016e-10
155,4.23265908171187e-05,1.361210964587133e-08,8.212689247309525e-10
156,4.037456720681586e-05,1.294094628688426e-08,7.879188876215955e-10
157,3.851223656410634e-05,1.230022354770505e-08,7.557274759238506e-10
158,3.673544977932341e-05,1.168882035500207e-08,7.246454205317824e-10
159,3.503985787725829e-05,1.110557936128574e-08,6.946184264002156e-10
160,3.342303068640997e-05,1.054930171675643e-08,6.656245358087061e-10
161,3.18713437307927e-05,1.001879057690389e-08,6.376248547096213e-10
162,3.038225017328815e-05,9.5128870875297e-09,6.10633083200452e-10
163,2.895322991182079e-05,9.030482380632987e-09,5.846296453623922e-10
164,2.758902697376758e-05,8.57052737455233e-09,5.596089965870836e-10
165,2.628983631151401e-05,8.132033378239916e-09,5.355471056766663e-10
166,2.5048574440587e-05,7.714061466335217e-09,5.123992779662178e-10
167,2.386324605514826e-05,7.315715617120323e-09,4.901019299630386e-10
168,2.273758936901152e-05,6.936138189636633e-09,4.686585623001701e-10
169,2.166343000370859e-05,6.574505267203028e-09,4.480226630655044e-10
170,2.063692321887384e-05,6.230026834417575e-09,4.281477034838181e-10
171,1.965964082169414e-05,5.90194480948767e-09,4.090534910904569e-10
172,1.872905559498521e-05,5.589535523411483e-09,3.907052183450104e-10
173,1.783551067998968e-05,5.292108527382947e-09,3.730611172765634e-10
174,1.698176238864029e-05,5.009006544882215e-09,3.56120824156271e-10
175,1.616908546437749e-05,4.739601539909462e-09,3.39858533152714e-10
176,1.539371938259991e-05,4.483291954848973e-09,3.242556631262954e-10
177,1.465292735098549e-05,4.239502782370401e-09,3.092828360516653e-10
178,1.394325216680358e-05,4.007685059964699e-09,2.949142208179512e-10
179,1.326474934200767e-05,3.787311394065962e-09,2.811369966252828e-10
180,1.261941081313086e-05,3.577880869812384e-09,2.679459776028737e-10
181,1.200252366142495e-05,3.378904655747623e-09,2.553107064751054e-10
182,1.141372557594121e-05,3.189914919975488e-09,2.432041360387319e-10
183,1.08523903812495e-05,3.010457063863284e-09,2.316084991430075e-10
184,1.031609736920261e-05,2.840100925007359e-09,2.204961748717856e-10
185,9.802397524207954e-06,2.678436403391037e-09,2.098533538103743e-10
186,9.31379761654426e-06,2.525068918196932e-09,1.996673222193813e-10
187,8.84716581954131e-06,2.379621060765444e-09,1.899167000327285e-10
188,8.40311146351476e-06,2.241730304170298e-09,1.805894993769089e-10
189,7.978890069543421e-06,2.111046608813195e-09,1.716639384013521e-10
190,7.573723950079014e-06,1.987237585174658e-09,1.631299559397139e-10
191,7.186793096850107e-06,1.869984694554374e-09,1.549758363158338e-10
192,6.81788223056937e-06,1.758980593906146e-09,1.471824784833437e-10
193,6.466044820794695e-06,1.653929797455154e-09,1.397354652992085e-10
194,6.130509361881309e-06,1.554549975532412e-09,1.326199636859305e-10
195,5.81048523393577e-06,1.460570157823653e-09,1.258240831672734e-10
196,5.505490772235039e-06,1.371730849613661e-09,1.193344137904182e-10
197,5.214449475349657e-06,1.287784710832037e-09,1.131377323437925e-10
198,4.937541735620529e-06,1.208492913655934e-09,1.072263066356242e-10
199,4.672775505777862e-06,1.133627122304785e-09,1.015887054176917e-10
200,4.422799071795643e-06,1.062968241163621e-09,9.621200968873663e-11
201,4.184591045614407e-06,9.96307258800224e-10,9.108432975681804e-11
202,3.957315977326956e-06,9.334433844170473e-10,8.619615224369007e-11
203,3.74077945611446e-06,8.7418422173223e-10,8.153783931615424e-11
204,3.534707275115903e-06,8.183469193766322e-10,7.709922620532191e-11
205,3.338868641055902e-06,7.657559976053749e-10,7.287166634869684e-11
206,3.15286396294054e-06,7.162436901793273e-10,6.88478730811108e-11
207,2.975839872228948e-06,6.696498535972064e-10,6.501897496873046e-11
208,2.807686664880637e-06,6.258215435145622e-10,6.137644874024658e-11
209,2.648500286890455e-06,5.846126303671927e-10,5.791349203673007e-11
210,2.396484115014135e-06,5.454269495004395e-10,5.449855930195954e-11
211,2.280124367594116e-06,5.094121528478272e-10,5.136027421352996e-11
212,2.17253368067558e-06,4.75393736120741e-10,4.841428615715435e-11
213,1.979479847340692e-06,4.426682740415747e-10,4.55220203997331e-11
214,1.889817692683018e-06,4.13079204032927e-10,4.285732489153245e-11
215,1.732154170604874e-06,3.843500405888514e-10,4.027230349132795e-11
216,1.659832642227611e-06,3.583882344503241e-10,3.788834109038862e-11
217,1.524569744496927e-06,3.331011996743451e-10,3.557860631392179e-11
218,1.46241740047463e-06,3.103138670870484e-10,3.344860890863739e-11
219,1.344126733816967e-06,2.881486901358056e-10,3.138507480794607e-11
220,1.243190243968333e-06,2.677760412384465e-10,2.943699511966386e-11
221,1.155222361221122e-06,2.487837405717469e-10,2.759671782022579e-11
222,1.115705344196308e-06,2.314547404026495e-10,2.589822166505341e-11
223,1.031461595872118e-06,2.14425446955132e-10,2.42603450582402e-11
224,9.56413037796104e-07,1.988677054817426e-10,2.271472858186359e-11
225,8.893053198036079e-07,1.844147827326398e-10,2.12563471893162e-11
226,8.291401458753098e-07,1.709366088775758e-10,1.98829005264777e-11
227,7.743049804553153e-07,1.583620114707124e-10,1.85898561449815e-11
228,7.235280874459983e-07,1.466364110710499e-10,1.737358349234969e-11
229,6.761124226126614e-07,1.357109135652041e-10,1.623008981342995e-11
230,6.316867172819948e-07,1.255389927844688e-10,1.515556500134938e-11
231,5.900148030046328e-07,1.160756490408834e-10,1.414583876511524e-11
232,5.508941264434658e-07,1.072770429444838e-10,1.319740423571123e-11
233,5.141478361134713e-07,9.910111513592937e-11,1.230688127094068e-11
234,4.796421975745194e-07,9.1507987909705e-11,1.147108936966959e-11
235,4.472642166005797e-07,8.445985941432228e-11,1.068706252598956e-11
236,4.168838794678368e-07,7.792070660452402e-11,9.951957562301267e-12
237,3.88377929846794e-07,7.185658691920694e-11,9.263175194809228e-12
238,3.61646493260732e-07,6.623577064259558e-11,8.6181329668522e-12
239,3.365923591353948e-07,6.102852103615568e-11,8.01436144683384e-12
240,3.131234939722927e-07,5.620654834215486e-11,7.449589883231765e-12
241,2.911469130020641e-07,5.174355644126357e-11,6.921492764535247e-12
242,2.705849329179529e-07,4.761487795972564e-11,6.427952349841508e-12
243,2.513566896549351e-07,4.379723850847498e-11,5.967006272397165e-12
244,2.333842359709092e-07,4.026887186563841e-11,5.536743978043748e-12
245,2.165952125558565e-07,3.70094953521011e-11,5.135364089892497e-12
246,2.009217345220977e-07,3.400021049021413e-11,4.761182047054962e-12
247,1.862951044625992e-07,3.122319065686504e-11,4.412623627517637e-12
248,1.726544852859276e-07,2.866171119892143e-11,4.088123250777402e-12
249,1.599424869506648e-07,2.63001941501332e-11,3.786066847829051e-12
250,1.480990837224333e-07,2.412410456275334e-11,3.505060001795276e-12
251,1.370684000920408e-07,2.211983369090565e-11,3.243787519632383e-12
252,1.268001185269681e-07,2.027474917067519e-11,3.000998552562658e-12
253,1.172476536971354e-07,1.857702937888327e-11,2.77552318248346e-12
254,1.08364609572801e-07,1.701568676627289e-11,2.566202625917498e-12
255,1.001092909420162e-07,1.558039240748835e-11,2.371925998974904e-12
256,9.244098354651859e-08,1.426157865565427e-11,2.191706522812704e-12
257,8.532222988846527e-08,1.305040511871286e-11,2.024640933275073e-12
258,7.871630161291593e-08,1.193861532937252e-11,1.869821890386973e-12
259,7.258938515271069e-08,1.091852483102896e-11,1.726440936850959e-12
260,6.690996643173888e-08,9.983049667685664e-12,1.593715837310256e-12
261,6.164793898802145e-08,9.125536633311654e-12,1.470890390386276e-12
262,5.677623192625225e-08,8.339879299049442e-12,1.357308967973913e-12
263,5.226848821420782e-08,7.62036258515403e-12,1.252327841068993e-12
264,4.809863462514352e-08,6.961691890452875e-12,1.1553528005866e-12
265,4.424280952417511e-08,6.359055034441816e-12,1.065783133942236e-12
266,4.067951772946495e-08,5.807890077371837e-12,9.830869619060424e-13
267,3.738854652585774e-08,5.304051197737991e-12,9.068109507199901e-13
268,3.435071834052739e-08,4.843645071737226e-12,8.364930281857009e-13
269,3.154810213313044e-08,4.423110954309473e-12,7.716394258467065e-13
270,2.89634302011802e-08,4.039168944077944e-12,7.118740532264947e-13
271,2.658105473135291e-08,3.688804242414942e-12,6.568646442383331e-13
272,2.438715390590361e-08,3.369179496696141e-12,6.062139030677402e-13
273,2.236760669015147e-08,3.077696936281297e-12,5.596209384576704e-13
274,2.050974441763102e-08,2.811991743651164e-12,5.167692712163653e-13
275,1.880103356947691e-08,2.569872854133093e-12,4.773492135055036e-13
276,1.72305126891023e-08,2.349309122039517e-12,4.411370996174745e-13
277,1.578794077417896e-08,2.148460235589406e-12,4.078520168149218e-13
278,1.446388160280327e-08,1.9656151783999e-12,3.772948690533578e-13
279,1.324979493244002e-08,1.799214074897699e-12,3.492246058462806e-13
280,1.213640454304532e-08,1.647813754436776e-12,3.234484520480671e-13
281,1.111575794138833e-08,1.510101616069383e-12,2.997840058456847e-13
282,1.018067880485681e-08,1.384878766071837e-12,2.780627027577513e-13
283,9.32433423872598e-09,1.27102698263012e-12,2.581223137637241e-13
284,8.541063157736704e-09,1.167547691625126e-12,2.398273403930338e-13
285,7.824401071074655e-09,1.073507889211103e-12,2.230344582467908e-13
286,7.169380841319144e-09,9.880367409013344e-13,2.076245160028963e-13
287,6.571991695342291e-09,9.10373785932351e-13,1.934822818621634e-13
288,6.026109362843016e-09,8.398083261923852e-13,1.805061196239526e-13
289,5.528596919402037e-09,7.756887012439998e-13,1.685984341403716e-13
290,5.075629016449716e-09,7.174352962134119e-13,1.5766584819973e-13
291,4.662037214681022e-09,6.645203917853135e-13,1.476301583592725e-13
292,4.284367663780471e-09,6.164373489204148e-13,1.384195630718484e-13
293,3.939741900479142e-09,5.727361151250071e-13,1.299702040759096e-13
294,3.625744813514316e-09,5.330141116856624e-13,1.222314303550205e-13
295,3.4032130279709e-09,4.973597169974769e-13,1.152500662375721e-13
296,3.120984327062257e-09,4.639542842723158e-13,1.086721121444518e-13
297,2.924106670936612e-09,4.344456815032523e-13,1.02750269352725e-13
298,2.675977509779763e-09,4.069410549388977e-13,9.713079747735099e-14
299,2.507357343171829e-09,3.825284659032243e-13,9.203693578475949e-14
300,2.348493014477453e-09,3.599741322863713e-13,8.724655401003477e-14
301,2.195500827841192e-09,3.393780634601323e-13,8.273595747181131e-14
302,2.049753205118343e-09,3.206212880465766e-13,7.846975675729826e-14
303,1.913361030549541e-09,3.03526264759501e-13,7.443335109957562e-14
304,1.787254922989741e-09,2.879167073031715e-13,7.061203053364782e-14
305,1.671300207442373e-09,2.736449983200342e-13,6.699609046360653e-14
306,1.565674461701961e-09,2.605846701507217e-13,6.357267736695012e-14
307,1.468892800805686e-09,2.486181433788584e-13,6.033195558909787e-14
308,1.379851800307048e-09,2.376247238161182e-13,5.726700539899136e-14
309,1.298355713040617e-09,2.275171355355639e-13,5.437034156754723e-14
310,1.223646271692648e-09,2.182220033878454e-13,5.163164745342638e-14
311,1.155550924904606e-09,2.096563580948596e-13,4.904255521996903e-14
312,1.093343096932793e-09,2.017390131941577e-13,4.659611967178616e-14
313,1.036404380293678e-09,1.944064918397056e-13,4.428447462612803e-14
314,9.841638858042723e-10,1.876030959843755e-13,4.209882217537e-14
315,9.360103474190216e-10,1.812832307175708e-13,4.003207743096921e-14
316,8.914411429086854e-10,1.753885865350109e-13,3.807845872915372e-14
317,8.50167602787939e-10,1.698814929726558e-13,3.623006959013297e-14
318,8.118707493002203e-10,1.647191302938944e-13,3.448149369148624e-14
319,7.762155707474946e-10,1.598605208360752e-13,3.282780423781258e-14
320,7.428678654783957e-10,1.552691946701665e-13,3.12625318915031e-14
321,7.116814986479118e-10,1.509118303469635e-13,2.978181755939583e-14
322,6.824762506863618e-10,1.467580320877044e-13,2.837994913653881e-14
323,6.551229669914947e-10,1.427880620167604e-13,2.705188094378965e-14
324,6.294395737847e-10,1.389813873487021e-13,2.579440264542678e-14
325,6.052329260620049e-10,1.353118766404914e-13,2.460479374727666e-14
326,5.824507563312995e-10,1.317529811131023e-13,2.347969648133647e-14
327,5.610009222792336e-10,1.282887539651435e-13,2.24160213324798e-14
328,5.408054916040349e-10,1.249005075651927e-13,2.140945924048e-14
329,5.216963496289104e-10,1.215799749396747e-13,2.04569656610564e-14
330,5.03535954548861e-10,1.183202442769143e-13,1.955556735546574e-14
331,4.861705370101435e-10,1.151184146230755e-13,1.870236571567609e-14
332,4.696256554014645e-10,1.119746496660675e-13,1.789510603766173e-14
333,4.537451472928663e-10,1.088878577535712e-13,1.71307348104804e-14
334,4.385494438251426e-10,1.058579824946542e-13,1.640621788034369e-14
335,4.239230998438325e-10,1.028852059589587e-13,1.572037324340621e-14
336,4.099090177581827e-10,9.996981891436814e-14,1.507061697960054e-14
337,3.964211174100749e-10,9.711192978039245e-14,1.445569100693791e-14
338,3.834691177289544e-10,9.431170721772618e-14,1.387277928841003e-14
339,3.70996517593998e-10,9.15691548771731e-14,1.331965746744758e-14
340,3.590017104145179e-10,8.888458541420106e-14,1.279528615639192e-14
341,3.474504901465196e-10,8.625761806520866e-14,1.229797426872638e-14
342,3.363676910195316e-10,8.36880622103775e-14,1.182617461565598e-14
343,3.257456488914385e-10,8.117634430649103e-14,1.137864943863488e-14
344,3.155751904412967e-10,7.872236566505042e-14,1.095406996734739e-14
345,3.058081974199672e-10,7.632584240926733e-14,1.054949834741505e-14
346,2.964084641433472e-10,7.398606144897771e-14,1.016362053506463e-14
347,2.874055037886361e-10,7.170267242530597e-14,9.795267642645098e-15
348,2.787322022935266e-10,6.947529119715636e-14,9.443886795103341e-15
349,2.703661503049633e-10,6.730337083360742e-14,9.109201921577306e-15
350,2.622711616302486e-10,6.518634268826673e-14,8.790573027111222e-15
351,2.544348631267147e-10,6.312376564334044e-14,8.486735964606261e-15
352,2.468254501844932e-10,6.111491103178837e-14,8.196431972304556e-15
353,2.394472475920123e-10,5.915910691263253e-14,7.919216825699665e-15
354,2.322766266275569e-10,5.725568549267755e-14,7.65368969828333e-15
355,2.25304876789516e-10,5.540381752747349e-14,7.398897559616861e-15
356,2.185259474692463e-10,5.360269874219113e-14,7.154829771453111e-15
357,2.119433838675537e-10,5.185149812118573e-14,6.920926218714793e-15
358,2.055279014610295e-10,5.014938646881303e-14,6.696954809827187e-15
359,1.99287008352411e-10,4.849546193485732e-14,6.481923803222197e-15
360,1.932011160075926e-10,4.688881709726107e-14,6.275137228516264e-15
361,1.872799073366672e-10,4.532850708023822e-14,6.07617401471576e-15
362,1.815120024724463e-10,4.381362857825749e-14,5.884758437556342e-15
363,1.758957867966577e-10,4.234326417921136e-14,5.700483769229271e-15
364,1.704286454685169e-10,4.091647399361513e-14,5.522870995918868e-15
365,1.650960941069707e-10,3.953229259148333e-14,5.351337160786324e-15
366,1.599100491623894e-10,3.818979435221045e-14,5.185574071616109e-15
367,1.548614262509935e-10,3.688805842578297e-14,5.025417107868097e-15
368,1.499368383824193e-10,3.562612115450848e-14,4.870728866446205e-15
369,1.451517649440349e-10,3.440300794002684e-14,4.721362682165391e-15
370,1.404895888991224e-10,3.321782020275817e-14,4.576755282512999e-15
371,1.359629248559955e-10,3.206958814379436e-14,4.43665763456538e-15
372,1.315608058904981e-10,3.095740770840344e-14,4.300868482272212e-15
373,1.272807283708022e-10,2.988034499198316e-14,4.169157048186939e-15
374,1.231252030028745e-10,2.883750237213392e-14,4.041360706158428e-15
375,1.190924982668918e-10,2.782798313401793e-14,3.917300257509766e-15
376,1.15175692552591e-10,2.685089805495559e-14,3.796864598112631e-15
377,1.113676585979986e-10,2.590537969620573e-14,3.679905999856029e-15
378,1.076712297438985e-10,2.499056142559484e-14,3.566325641305793e-15
379,1.040864723674453e-10,2.410560568320513e-14,3.456063254294815e-15
380,1.006107128711515e-10,2.324968746525919e-14,3.348966692665898e-15
381,9.723167669242713e-11,2.242195761197729e-14,3.24487250128682e-15
382,9.395565263947923e-11,2.162162896680636e-14,3.143667949885684e-15
383,9.078823486615216e-11,2.084794838812868e-14,3.045269522514214e-15
384,8.770420349853825e-11,2.010009713165715e-14,2.94956209521244e-15
385,8.472472154636903e-11,1.937732318405284e-14,2.856456910230424e-15
386,8.183511400454528e-11,1.867890464542472e-14,2.765879026238066e-15
387,7.903254996171946e-11,1.800411765262005e-14,2.677744572932224e-15
388,7.631627156486798e-11,1.735222535829221e-14,2.592020846467312e-15
389,7.369530785223998e-11,1.672254825306495e-14,2.508643313576165e-15
390,7.114937222400628e-11,1.611440736937045e-14,2.427568907404695e-15
391,6.868543008970445e-11,1.552715393009308e-14,2.348740937086355e-15
392,6.630064447327253e-11,1.496015434999737e-14,2.272107975138084e-15
393,6.399401936168121e-11,1.44127371561875e-14,2.197629249305194e-15
394,6.176743099068249e-11,1.388432403847888e-14,2.125271386789939e-15
395,5.960630255298783e-11,1.337428553470863e-14,2.054971661580815e-15
396,5.751864729743249e-11,1.288207914768143e-14,1.986699350618744e-15
397,5.550307385081941e-11,1.240710431876588e-14,1.920420292632917e-15
398,5.354816113832672e-11,1.19488215529212e-14,1.856085294600951e-15
399,5.165605848565008e-11,1.150669481171985e-14,1.79363486932471e-15
400,4.983662632916823e-11,1.108017518612859e-14,1.733047108914558e-15
401,4.807428920954576e-11,1.066877801981896e-14,1.674271689358744e-15
402,4.63652001138077e-11,1.027201671964525e-14,1.617280152151829e-15
403,4.472383577412579e-11,9.889400327643606e-15,1.562009854344647e-15
404,4.312931902177857e-11,9.520436627414701e-15,1.50844876726545e-15
405,4.159824221089809e-11,9.1646949059937e-15,1.456525594858103e-15
406,4.011316559140027e-11,8.821745789695598e-15,1.406216541058954e-15
407,3.867416851996249e-11,8.491152362245823e-15,1.357467085906467e-15
408,3.729051847132951e-11,8.172489892762942e-15,1.310260065806545e-15
409,3.596023012505266e-11,7.865355622027941e-15,1.264551898761435e-15
410,3.466414605408833e-11,7.569380695372377e-15,1.220281641187802e-15
411,3.341435236537509e-11,7.284161485374672e-15,1.177431145934004e-15
412,3.222148357516592e-11,7.009317946556317e-15,1.135955023989938e-15
413,3.105830539836044e-11,6.744532568326577e-15,1.095821324052144e-15
414,2.994646625230645e-11,6.489434522649681e-15,1.056992435992698e-15
415,2.886346582952835e-11,6.243666941412739e-15,1.019430808445188e-15
416,2.782551392621047e-11,6.006926421881912e-15,9.830928142795835e-16
417,2.681217573168827e-11,5.778920077867425e-15,9.479676904080572e-16
418,2.584500052066683e-11,5.55930315696995e-15,9.139855141893382e-16
419,2.491263043843113e-11,5.347823218907516e-15,8.811569456775067e-16
420,2.401507122596952e-11,5.144167318145242e-15,8.494200656881781e-16
421,2.314631609910178e-11,4.948063058249492e-15,8.187457372601632e-16
422,2.229795246376201e-11,4.759253131272923e-15,7.890999093466301e-16
423,2.14978771061431e-11,4.577441259512522e-15,7.604727320133888e-16
424,2.071845437610833e-11,4.402419972686204e-15,7.328000753132642e-16
425,1.996133420385915e-11,4.233932443849446e-15,7.060875129452322e-16
426,1.924722091231041e-11,4.071743964841707e-15,6.802867616385213e-16
427,1.854416904601739e-11,3.915646347593161e-15,6.553779971225902e-16
428,1.787945593124885e-11,3.765398375986214e-15,6.313315049508349e-16
429,1.723129122543945e-11,3.620791241790549e-15,6.081064863962848e-16
430,1.6607504293051e-11,3.481646776623939e-15,5.857106046273936e-16
431,1.600655749838946e-11,3.347714195284251e-15,5.64060601725864e-16
432,1.54177185142282e-11,3.21884718961836e-15,5.432006631375416e-16
433,1.487974399650089e-11,3.094875579476855e-15,5.230683415351485e-16
434,1.434224335223461e-11,2.975562232508735e-15,5.036489100035585e-16
435,1.380274337026567e-11,2.860777198615793e-15,4.849064483308562e-16
436,1.332283262628244e-11,2.750360540963859e-15,4.668270618621139e-16
437,1.28426445358893e-11,2.644130930767213e-15,4.493972092447099e-16
438,1.23828291267358e-11,2.541946960458513e-15,4.3258639564936e-16
439,1.193611244476895e-11,2.443661429265844e-15,4.164041025024223e-16
440,1.151148275097032e-11,2.349096286174801e-15,4.007669051811839e-16
441,1.10916538084838e-11,2.258151164958916e-15,3.856957911429183e-16
442,1.070154525902189e-11,2.170686137471551e-15,3.711848719444084e-16
443,1.032315634226008e-11,2.08658474552203e-15,3.57204063652835e-16
444,9.958420459474045e-12,2.005695883809035e-15,3.437189851627797e-16
445,9.607103384482511e-12,1.927907733424596e-15,3.307407481447502e-16
446,9.245782222709758e-12,1.853079855795897e-15,3.182151500346416e-16
447,8.936122248601594e-12,1.781164879849635e-15,3.061466176765138e-16
448,8.627328537217201e-12,1.711979815576706e-15,2.945379019608862e-16
449,8.313501207492266e-12,1.645459181016681e-15,2.833496214338529e-16
450,8.017435000730022e-12,1.581534944600567e-15,2.725845819328266e-16
451,7.753795475715445e-12,1.520051987387203e-15,2.622021084670598e-16
452,7.484315125215823e-12,1.460917663663769e-15,2.521928873105583e-16
453,7.209548625540156e-12,1.404097107146261e-15,2.425657004569699e-16
454,6.968748245636182e-12,1.349495538075875e-15,2.33318133397416e-16
455,6.733631232214629e-12,1.296964437710752e-15,2.244014787403217e-16
456,6.499921909382472e-12,1.246465049094827e-15,2.158162433906659e-16
457,6.273310536064223e-12,1.197943093596721e-15,2.075461012775415e-16
458,6.059659389721093e-12,1.151299467156011e-15,1.996028294025015e-16
459,5.857551822206489e-12,1.106441268859539e-15,1.919216729569164e-16
460,5.666321926208123e-12,1.063347031347258e-15,1.845723212569943e-16
461,5.478621024398161e-12,1.021914843374712e-15,1.77478581713461e-16
462,5.291227290226424e-12,9.820959921424005e-16,1.706589500161733e-16
463,5.111885600035896e-12,9.4382464236156e-16,1.641000672886817e-16
464,4.941376995989072e-12,9.070342428990894e-16,1.577607426452256e-16
465,4.786332980571855e-12,8.71687565056738e-16,1.517127834368247e-16
466,4.630675275152798e-12,8.377095406200582e-16,1.458590300128454e-16
467,4.48684208654448e-12,8.050505954160585e-16,1.402176421779997e-16
468,4.342104773381274e-12,7.736622695777494e-16,1.3480059798882e-16
469,4.209077969124998e-12,7.43516452549131e-16,1.296365232858974e-16
470,4.061361461687663e-12,7.145375420177127e-16,1.245966852627e-16
471,3.933528315480104e-12,6.866685064887649e-16,1.197798947786832e-16
472,3.823271277505379e-12,6.599269237883335e-16,1.151870858583113e-16
473,3.694728555399995e-12,6.342084093312459e-16,1.10725469080034e-16
474,3.581246482930716e-12,6.09503676812209e-16,1.064452282512238e-16
475,3.477033350764338e-12,5.857578568470592e-16,1.023291670498566e-16
476,3.381498046458183e-12,5.629487585439536e-16,9.837432783981433e-17
477,3.273651148145366e-12,5.410042496725593e-16,9.457805813301463e-17
478,3.181625594076435e-12,5.199227952648892e-16,9.090210523673347e-17
479,3.088010031324165e-12,4.996839167802801e-16,8.740322546264006e-17
480,2.998487567744907e-12,4.802379787054343e-16,8.399731123492456e-17
481,2.921263705608573e-12,4.615730243793791e-16,8.080000754890019e-17
482,2.822143225877711e-12,4.436081855920653e-16,7.764785070548275e-17
483,2.747401767751267e-12,4.26327992868592e-16,7.46392717606623e-17
484,2.676183497434187e-12,4.097512152873851e-16,7.177265557600598e-17
485,2.616677510708648e-12,3.938179420378253e-16,6.899946394148474e-17
486,2.532049154397813e-12,3.785190192730964e-16,6.633157156159309e-17
487,2.464489331095644e-12,3.637997486665685e-16,6.376775535919659e-17
488,2.3969189398658e-12,3.496905487452856e-16,6.132328224596276e-17
489,2.340995006230091e-12,3.361074332094764e-16,5.894343915478425e-17
490,2.287600348606305e-12,3.230650053864993e-16,5.667391157253542e-17
491,2.217243576552621e-12,3.105249705449958e-16,5.449557348757023e-17
492,2.16701039829926e-12,2.984902771697341e-16,5.239592120128754e-17
493,2.118464898565447e-12,2.869136481350323e-16,5.034556454330828e-17
494,2.060299880747975e-12,2.758024613814677e-16,4.84453374240191e-17
495,2.007968699417811e-12,2.650902421898779e-16,4.654463333141946e-17
496,1.976779189202329e-12,2.548554352822232e-16,4.478894559816689e-17
497,1.92925999498686e-12,2.450084917441693e-16,4.307760227015884e-17
498,1.868670729170496e-12,2.355177249350734e-16,4.135853243459943e-17
499,1.835053188242822e-12,2.263885570156524e-16,3.979137339175679e-17
500,1.788955121033527e-12,2.176661951900383e-16,3.824595484546492e-17
501,1.757426045380235e-12,2.092687379330993e-16,3.681531056051974e-17
502,1.734054031799773e-12,2.012005741252279e-16,3.546041236150471e-17
503,1.683303556505099e-12,1.934190067239224e-16,3.404583714033715e-17
504,1.662647999090739e-12,1.859967999332589e-16,3.279935711919823e-17
505,1.637136434433816e-12,1.788507036018346e-16,3.155942320832996e-17
506,1.607495275238262e-12,1.719595573320138e-16,3.033673579376424e-17
507,1.565539516081107e-12,1.653640346164674e-16,2.919768732542093e-17
508,1.543149468316379e-12,1.59012548316728e-16,2.80963595481966e-17
509,1.511930957441639e-12,1.528960899455161e-16,2.701529245399294e-17
510,1.486260408780204e-12,1.470449749387756e-16,2.601332482697858e-17
511,1.461529532999056e-12,1.413741082191025e-16,2.497900804749721e-17
512,1.458671737238585e-12,1.359927080931808e-16,2.411005720060492e-17
513,1.406667805360042e-12,1.307875893939576e-16,2.31358387636216e-17
514,1.409281940774192e-12,1.258198096723739e-16,2.236021553687573e-17
515,1.37329465420624e-12,1.209868762895729e-16,2.144716352984525e-17
516,1.344172532070373e-12,1.163853551335561e-16,2.06601203067355e-17
517,1.326258795753055e-12,1.119638602183903e-16,1.988304687557683e-17
518,1.315796461866333e-12,1.07692590627316e-16,1.917809281457223e-17
519,1.296671115732598e-12,1.03605568348223e-16,1.84682907859515e-17
520,1.270638454156181e-12,9.96706693591441e-17,1.77319812141315e-17
521,1.269071474849066e-12,9.590822993681864e-17,1.711269463486389e-17
522,1.253986164076453e-12,9.227538088268682e-17,1.653110946869554e-17
523,1.238494670125012e-12,8.880424508392979e-17,1.5934165904558e-17
524,1.209530499012337e-12,8.543443028304043e-17,1.527467775294329e-17
525,1.187776835696295e-12,8.221032163390626e-17,1.470116307178192e-17
526,1.179649557303204e-12,7.912007445911347e-17,1.422043996329237e-17
527,1.185538275579256e-12,7.615678678627995e-17,1.373819528298911e-17
528,1.151799930763214e-12,7.327853455685314e-17,1.315191157303093e-17
529,1.159660101913869e-12,7.056814899759946e-17,1.278442610898127e-17
530,1.137746417496731e-12,6.796395242613963e-17,1.223905221360237e-17
531,1.146197268598036e-12,6.541317142397633e-17,1.18474978089323e-17
532,1.164620748041221e-12,6.299778475219991e-17,1.150076534497931e-17
533,1.139686186245712e-12,6.068426684523245e-17,1.106932542683102e-17
534,1.12888589739036e-12,5.842727124505665e-17,1.067510061507566e-17
535,1.10284297447056e-12,5.62985988780469e-17,1.02813205503749e-17
536,1.090053396581353e-12,5.425612401027427e-17,9.930969488777595e-18
537,1.07765251855759e-12,5.229060376620466e-17,9.58003006771828e-18
538,1.07101840994311e-12,5.039521287797664e-17,9.24370957942751e-18
539,1.064474444374227e-12,4.857373224156121e-17,8.973840236388327e-18
540,1.07454246410288e-12,4.681060593145972e-17,8.740761999757184e-18
541,1.060867812248506e-12,4.511858802990415e-17,8.38944593238227e-18
542,1.070618556874009e-12,4.348876066160581e-17,8.182679955867515e-18
543,1.06223486322181e-12,4.19638241595447e-17,7.913502395101317e-18
544,1.056950638706885e-12,4.046420189756189e-17,7.670750595420029e-18
545,1.034636921780996e-12,3.898873366550288e-17,7.356647875827256e-18
546,1.030102737838079e-12,3.762044703138413e-17,7.103882545608537e-18
547,1.020560017778976e-12,3.62891675338203e-17,6.921008530345216e-18
548,1.026968586153216e-12,3.500341133620335e-17,6.745630164368606e-18
549,1.019862403489791e-12,3.377259931839126e-17,6.539024333417519e-18
550,9.93926088855281e-13,3.259098417670878e-17,6.238382716596524e-18
551,9.967497035719016e-13,3.145839249092876e-17,6.090832541232852e-18
552,9.852072739688061e-13,3.035072668509798e-17,5.877497751172319e-18
553,9.66195918039603e-13,2.928943298119142e-17,5.635667327431851e-18
554,9.586849390644905e-13,2.828898115277217e-17,5.518952268057861e-18
555,9.589162943403238e-13,2.731243419754813e-17,5.351775713619754e-18
556,9.572341083490386e-13,2.636353196067118e-17,5.17444190382315e-18
557,9.567558714294883e-13,2.548480709329731e-17,5.051887839576742e-18
558,9.526476041018901e-13,2.460270934573175e-17,4.879360802256521e-18
559,9.451629088691812e-13,2.377724415000891e-17,4.733808725613757e-18
560,9.48763020692495e-13,2.299170692079061e-17,4.632945466007879e-18
561,9.465338707109464e-13,2.221925464801167e-17,4.521946425383195e-18
562,9.425015670667149e-13,2.147538704924417e-17,4.397569366257228e-18
563,9.276197617106145e-13,2.076003141174404e-17,4.250085088695438e-18
564,9.370085795280776e-13,2.006494558475208e-17,4.189671170289084e-18
565,9.290202007295779e-13,1.942953441372335e-17,4.036091120401002e-18
566,9.17810001667631e-13,1.880171626242314e-17,3.922594990697515e-18
567,9.34892761177523e-13,1.819818748453856e-17,3.878254059104173e-18
568,9.221891798152325e-13,1.761506967084995e-17,3.7501170642328e-18
569,9.08010719219285e-13,1.704307436426932e-17,3.632129919907439e-18
570,9.310351489468679e-13,1.652104385223296e-17,3.649824826033751e-18
571,9.27806014096619e-13,1.599898834950627e-17,3.521590974942499e-18
572,9.187626585321208e-13,1.549055150496837e-17,3.417224312301351e-18
573,8.992855077229413e-13,1.501197587031318e-17,3.305024074213323e-18
574,9.053829446959122e-13,1.45491166587149e-17,3.265385362563688e-18
575,9.208445642473002e-13,1.413415069201736e-17,3.2561529830831e-18
576,9.030342245794492e-13,1.368789323076106e-17,3.132486078361521e-18
577,8.940078209902305e-13,1.329211462728652e-17,3.012520478914543e-18
578,8.930082209533984e-13,1.286419302454204e-17,2.933692561340348e-18
579,8.938763141278675e-13,1.251321267636026e-17,2.884906085417048e-18
580,8.910413954729814e-13,1.213954082472576e-17,2.854945699707525e-18
581,8.84151069402381e-13,1.180581994485823e-17,2.792268436324866e-18
582,8.871560113529606e-13,1.146034552105707e-17,2.746631656463571e-18
583,8.953805791558554e-13,1.114409456140671e-17,2.729662336320719e-18
584,8.816028012853334e-13,1.083216788103075e-17,2.61011590185438e-18
585,8.98946893824511e-13,1.055646866367677e-17,2.653991381320465e-18
586,8.826365419694824e-13,1.026514873065942e-17,2.579424226641169e-18
587,9.083071260694963e-13,1.002374567657744e-17,2.639109648862047e-18
588,8.839478874228017e-13,9.736495619163515e-18,2.475776903877117e-18
589,8.786270397223278e-13,9.478097840173659e-18,2.437996418188665e-18
590,8.802441071243105e-13,9.221324664590161e-18,2.417501674464701e-18
591,8.850383870084775e-13,9.00118889149605e-18,2.412437899674477e-18
592,8.804426579535407e-13,8.792698716970509e-18,2.382119139138858e-18
593,8.650297275899462e-13,8.563150306929812e-18,2.272070262960221e-18
594,8.78619620454362e-13,8.369157884220036e-18,2.279544737614957e-18
595,8.742605986363432e-13,8.187554514014514e-18,2.25599188551707e-18
596,9.036109805780737e-13,8.004003298281423e-18,2.369009186579847e-18
597,8.724270306475371e-13,7.791128276146005e-18,2.204615984138166e-18
598,8.669967310172124e-13,7.615742121351533e-18,2.176729484022667e-18
599,8.634318613129048e-13,7.46461782713707e-18,2.15409819556733e-18
600,8.566041325494924e-13,7.28813838020235e-18,2.097049328109306e-18
601,8.658796622673763e-13,7.143412220954647e-18,2.137593879622233e-18
602,8.605200327788564e-13,6.981733422509657e-18,2.072942073666232e-18
603,8.505491591977194e-13,6.847858924563787e-18,2.041556249453048e-18
604,8.578800378084272e-13,6.744014592745466e-18,2.068201590123398e-18
605,8.541753697928527e-13,6.595099645353266e-18,2.048648331512333e-18
606,8.60805790890833e-13,6.461244606267937e-18,2.002666276347488e-18
607,8.580938958211364e-13,6.349501728725027e-18,2.033557825261154e-18
608,8.480879990854112e-13,6.220373789059767e-18,1.975402719802925e-18
609,8.620539714684831e-13,6.126100177183614e-18,1.999954050825942e-18
610,8.600503258243004e-13,6.029595733375902e-18,1.981172669722377e-18
611,8.441996186413006e-13,5.931257550826721e-18,1.942212928250672e-18
612,8.527906737862311e-13,5.838096949161983e-18,1.957103198994836e-18
613,8.49647521017085e-13,5.72856040715161e-18,1.940599325169816e-18
614,8.52743117954836e-13,5.648734244874783e-18,1.93575357661219e-18
615,8.408058320551783e-13,5.544686663163309e-18,1.869891449415859e-18
616,8.505948749576398e-13,5.487628244109799e-18,1.945458845128225e-18
617,8.64451202688534e-13,5.401048131225184e-18,1.925536512773068e-18
618,8.493008426843137e-13,5.31171313520493e-18,1.895137156986677e-18
619,8.291696045094208e-13,5.24388288435994e-18,1.814213884496794e-18
620,8.393764297053938e-13,5.203085908240589e-18,1.904541615394086e-18
621,8.470189454598007e-13,5.115332502470314e-18,1.871655838419193e-18
622,8.372987508226807e-13,5.055699434383341e-18,1.814932537822815e-18
623,8.453142878228513e-13,5.03095091732352e-18,1.878777115298952e-18
624,8.387800091127629e-13,4.962020048355279e-18,1.832412242546403e-18
625,8.373595260408792e-13,4.918600753884933e-18,1.83063942905619e-18
626,8.404421795950795e-13,4.851754853852487e-18,1.833190195198043e-18
627,8.300107461892427e-13,4.817099309696517e-18,1.820513224915959e-18
628,8.300418009312863e-13,4.766893107194309e-18,1.822842170027654e-18
629,8.400058135060059e-13,4.732078981649191e-18,1.831871789699095e-18
630,8.2779130860363e-13,4.673854593578902e-18,1.779536820903614e-18
631,8.452846655310349e-13,4.640939488035355e-18,1.84647527965093e-18
632,8.410246155490114e-13,4.607494839016069e-18,1.833259986838326e-18
633,8.36109550629172e-13,4.570756122809881e-18,1.80073009014626e-18
634,8.332775357839964e-13,4.540751532436381e-18,1.808817655047852e-18
635,8.248187541047109e-13,4.493979741947737e-18,1.744613606133547e-18
636,8.279281281378488e-13,4.508714782240344e-18,1.82270852612678e-18
637,8.234672204603992e-13,4.47637517952604e-18,1.748374747419605e-18
638,8.192676126314738e-13,4.437690917946976e-18,1.724071913861933e-18
639,8.260109280119629e-13,4.42208092171386e-18,1.761223979464195e-18
640,8.288706327213742e-13,4.413373287376222e-18,1.759211883134399e-18
641,8.18398674219321e-13,4.356034512427755e-18,1.724380637998008e-18
642,8.306367898429677e-13,4.380319339538805e-18,1.806012746296032e-18
643,8.230959144378061e-13,4.333858363106027e-18,1.727732078661216e-18
644,8.211024810150406e-13,4.345907490464374e-18,1.770520803541522e-18
645,8.152846489455317e-13,4.302835838042336e-18,1.745054191364399e-18
646,8.178078292536915e-13,4.276622647636713e-18,1.734485836176218e-18
647,8.391073859323962e-13,4.28156113193805e-18,1.829059716380524e-18
648,8.295576861392559e-13,4.250828759900925e-18,1.782142587822615e-18
649,8.240829005733542e-13,4.232874779603507e-18,1.76711017863224e-18
650,8.088977077054991e-13,4.231282437721663e-18,1.718594214322497e-18
651,8.337087389042719e-13,4.227490951152287e-18,1.802283912015773e-18
652,8.187278816314285e-13,4.208226147426572e-18,1.735028736753125e-18
653,8.218851915407936e-13,4.19796684793978e-18,1.774780945826362e-18
654,8.222455382624107e-13,4.178221298508854e-18,1.738715119299371e-18
655,8.155930136618121e-13,4.164527997856743e-18,1.734148386002113e-18
656,8.170741429488136e-13,4.155042768101831e-18,1.751238285711798e-18
657,8.262559711518598e-13,4.144345737694713e-18,1.774783769238319e-18
658,8.080605042379445e-13,4.127307664445434e-18,1.712732206961391e-18
659,8.188717237217317e-13,4.138293265202375e-18,1.76947994887729e-18
660,8.15232829894848e-13,4.110622683366568e-18,1.721174579676582e-18
661,8.284873901551885e-13,4.138564976619835e-18,1.774985901287935e-18
662,8.301881578927769e-13,4.138187243670731e-18,1.815028021082842e-18
663,8.161555771232912e-13,4.100797681419851e-18,1.736823072760141e-18
664,8.072625962353373e-13,4.087160005407304e-18,1.702571565515789e-18
665,8.019490443956648e-13,4.094968815202044e-18,1.687942520827132e-18
666,8.257074173201755e-13,4.104238531762684e-18,1.783536101492492e-18
667,8.319234986384834e-13,4.096830024849959e-18,1.790422708339096e-18
668,8.28525173928537e-13,4.0784689087382e-18,1.759699582785961e-18
669,8.114703777876366e-13,4.055722087932884e-18,1.711178486207395e-18
670,8.093876636527113e-13,4.074231073230476e-18,1.707953057824681e-18
671,8.045737729548848e-13,4.069023531204626e-18,1.726604705718281e-18
672,7.935337162597778e-13,4.068460402459729e-18,1.674189822514554e-18
673,7.949891020853321e-13,4.033263215816863e-18,1.651958578996215e-18
674,7.933028805351269e-13,4.036368311405198e-18,1.649687192222088e-18
675,7.970052628620748e-13,4.033875077766557e-18,1.67947060773032e-18
676,7.972549462281547e-13,4.043823067582231e-18,1.70472433121122e-18
677,8.011971540025033e-13,4.02779155324148e-18,1.66770182556052e-18
678,7.921920345942743e-13,4.042404989542105e-18,1.638758985433278e-18
679,7.900896404792888e-13,4.028824233270399e-18,1.661486465205202e-18
680,7.924983339623007e-13,4.023902299127142e-18,1.663321131015713e-18
681,7.937333985438496e-13,4.001304989755811e-18,1.626111832962312e-18
682,7.958789265445899e-13,4.028982178404207e-18,1.692735789888496e-18
683,7.954703617254148e-13,4.041958637435341e-18,1.70992409233294e-18
684,7.995567858289805e-13,4.008942437326655e-18,1.685598560873993e-18
685,7.935854690421853e-13,4.036528464753187e-18,1.707044146266293e-18
686,7.821138197759761e-13,4.009785814148205e-18,1.628896659671548e-18
687,8.000496084011101e-13,4.020999284851613e-18,1.725208636524188e-18
688,8.194010642532376e-13,4.027325377205432e-18,1.774809540811556e-18
689,8.049016147769096e-13,4.017957607291848e-18,1.695652364683706e-18
690,7.930664782900978e-13,4.016199857074299e-18,1.664418002190523e-18
691,7.843440058627482e-13,4.016297357125184e-18,1.655931257739255e-18
692,7.872470703968179e-13,4.009946375461746e-18,1.645091251095537e-18
693,7.837420802966823e-13,4.000438497235214e-18,1.621169583192262e-18
694,7.931565914753377e-13,4.031083367371883e-18,1.709745547316759e-18
695,7.801099434874469e-13,3.989847532977523e-18,1.621839094609508e-18
696,7.898662038783193e-13,3.998819703829915e-18,1.680314978813742e-18
697,7.857118367745966e-13,3.984782566484826e-18,1.661946829948539e-18
698,7.939904664123495e-13,3.995850482321386e-18,1.690314967706234e-18
699,7.759411956242236e-13,4.003789884522819e-18,1.631159576640119e-18
700,7.904243791593948e-13,4.019730049549594e-18,1.684523018476346e-18
701,7.686462621903384e-13,3.985330626896498e-18,1.58327589960894e-18
702,7.790805875970304e-13,4.006272564982179e-18,1.654002458897807e-18
703,7.753199251359499e-13,4.013096302908805e-18,1.632759952832503e-18
704,7.723253464784296e-13,3.984825836311894e-18,1.616705480987848e-18
705,7.689892179746908e-13,4.011037021891551e-18,1.651072892120095e-18
706,7.678506987641193e-13,3.991543617091541e-18,1.603785532293891e-18
707,7.593603611667336e-13,4.009044016365821e-18,1.595339844139492e-18
708,7.690822882322524e-13,3.984576762989522e-18,1.59240989220375e-18
709,7.838509293085938e-13,4.012104199624773e-18,1.683667602873166e-18
710,7.686174962589996e-13,3.989557472343588e-18,1.607797460094652e-18
711,7.624465453804742e-13,4.011738310528916e-18,1.626683880580829e-18
712,7.522935078858376e-13,3.985157682286286e-18,1.562971244353515e-18
713,7.489912780347605e-13,3.973794474087851e-18,1.543005663905417e-18
714,7.736142801632688e-13,3.991395069425234e-18,1.692144111452116e-18
715,7.63103269317838e-13,3.967887230030063e-18,1.613001389195562e-18
716,7.551801203122584e-13,3.987007645910265e-18,1.59070924251152e-18
717,7.857014567122256e-13,3.989003192594005e-18,1.696125969321462e-18
718,7.708963526576765e-13,3.976793990523001e-18,1.632869878186718e-18
719,7.591467613222687e-13,3.974312011280624e-18,1.570591133983824e-18
720,7.757568872327148e-13,3.979391881916809e-18,1.682121041474331e-18
721,7.573898323909873e-13,3.962677051058683e-18,1.590352206155714e-18
722,7.506490285568859e-13,3.974089289821708e-18,1.548817825524777e-18
723,7.574647295923003e-13,3.963178157490072e-18,1.55963570793565e-18
724,7.508838951057349e-13,3.990791630693072e-18,1.58646865770225e-18
725,7.506587535337048e-13,3.994034962380291e-18,1.5698946888714e-18
726,7.58865428188551e-13,3.989602357240597e-18,1.596688796783075e-18
727,7.478446868019459e-13,3.976946061176678e-18,1.526388068962564e-18
728,7.527174897252831e-13,3.963074513101679e-18,1.555821556647617e-18
729,7.566132987295966e-13,3.976972125454973e-18,1.593340230728086e-18
730,7.599216179495356e-13,3.98887209729888e-18,1.643944035832446e-18
731,7.683648925753122e-13,3.985278234472175e-18,1.635299559847658e-18
732,7.493870101714586e-13,3.970267735354108e-18,1.561846490594304e-18
733,7.528194948268911e-13,3.973043481845493e-18,1.588197355937476e-18
734,7.403231785654812e-13,3.968322376691525e-18,1.540674825547603e-18
735,7.492211911084561e-13,3.972707061587345e-18,1.577384138926086e-18
736,7.593997564441027e-13,3.977182988735222e-18,1.649576350257589e-18
737,7.649764094073515e-13,3.987380876119662e-18,1.644564378936257e-18
738,7.565357830274288e-13,3.987308838769324e-18,1.585969502763824e-18
739,7.543076206700068e-13,3.984908198606547e-18,1.593003760211061e-18
740,7.61670346571938e-13,4.001423223505216e-18,1.665511952540135e-18
741,7.509887714435776e-13,3.989657859387034e-18,1.599829040626917e-18
742,7.404684195888236e-13,3.970194386887936e-18,1.577088314774652e-18
743,7.425799253359869e-13,3.961243526696518e-18,1.567050539146524e-18
744,7.357419839351658e-13,3.983216175592445e-18,1.545016317052499e-18
745,7.369888874949071e-13,3.974609529982592e-18,1.568383443798868e-18
746,7.361769527288401e-13,3.968092737682227e-18,1.541887655033284e-18
747,7.484652699078657e-13,3.949417012126598e-18,1.562631376657627e-18
748,7.397452044894296e-13,3.955542618073929e-18,1.567692655283554e-18
749,7.523754085322803e-13,3.965098772901046e-18,1.608760904330663e-18
750,7.473520841961664e-13,3.948210481197563e-18,1.577377488666684e-18
751,7.396792833193877e-13,3.98013259849528e-18,1.559405832134672e-18
752,7.316243113526978e-13,3.992366585391299e-18,1.527819306239832e-18
753,7.376188319276743e-13,3.989616698708017e-18,1.556632789426223e-18
754,7.471638983817987e-13,3.968007902674694e-18,1.535870092277549e-18
755,7.407843668762308e-13,3.96936700611923e-18,1.587913479421526e-18
756,7.289255908221426e-13,3.936804706665406e-18,1.494218103256255e-18
757,7.647074258226752e-13,3.970853677893283e-18,1.689662298670387e-18
758,7.428289558998704e-13,3.95091654007662e-18,1.55069268775722e-18
759,7.241198274646953e-13,3.946616165055933e-18,1.509698232562769e-18
760,7.324998784295515e-13,3.96425703677528e-18,1.526677832690916e-18
761,7.259137917156822e-13,3.961596416397346e-18,1.517183405625573e-18
762,7.15126491800573e-13,3.938725064444147e-18,1.431201529107199e-18
763,7.209410994056191e-13,3.96333843814417e-18,1.483138300340089e-18
764,7.386945684814472e-13,3.974940698076193e-18,1.576502755418769e-18
765,7.459015128661893e-13,3.961262094882754e-18,1.579766421727818e-18
766,7.155146533318304e-13,3.956861442676297e-18,1.454571510354385e-18
767,7.129088464235552e-13,3.969960420408708e-18,1.469723060121685e-18
768,6.989978233130461e-13,3.942181357109461e-18,1.381185165765897e-18
769,7.07265745319754e-13,3.934119712947762e-18,1.408200820427631e-18
770,7.162170336450528e-13,3.945488280911715e-18,1.470118821422549e-18
771,7.120879599373148e-13,3.926583461893924e-18,1.423250929465116e-18
772,7.230023245146432e-13,3.952669441119676e-18,1.504702948295971e-18
773,7.123352947834262e-13,3.931722199146261e-18,1.447512460324686e-18
774,7.356968040159829e-13,3.956232198027328e-18,1.563612395753381e-18
775,7.216945976241518e-13,3.947385490204792e-18,1.502487590926568e-18
776,7.132328146925519e-13,3.96359368809896e-18,1.46923060346203e-18
777,7.11200024829952e-13,3.959331685180783e-18,1.474566572598345e-18
778,7.067169208705288e-13,3.948993129343109e-18,1.436641981588424e-18
779,7.003266042203877e-13,3.926235511741063e-18,1.386562132114622e-18
780,7.272459494200188e-13,3.961919343649422e-18,1.550818379363655e-18
781,7.099047311628798e-13,3.943135248131761e-18,1.443120234161127e-18
782,7.206220405529787e-13,3.958226132674433e-18,1.519880761101088e-18
783,7.094679642118137e-13,3.934608709748378e-18,1.41661386981675e-18
784,7.061422212555123e-13,3.933902527911222e-18,1.412697788678118e-18
785,7.337904665602342e-13,3.968983607000269e-18,1.574885455688854e-18
786,7.190844473494608e-13,3.951833737934941e-18,1.473401829828818e-18
787,7.331315568750514e-13,3.959822089085205e-18,1.507292215847363e-18
788,7.118618803899889e-13,3.958728410768484e-18,1.444057411354902e-18
789,7.008299199035783e-13,3.937995384384676e-18,1.386518964942807e-18
790,7.2211209927138e-13,3.955194801998957e-18,1.505554584032356e-18
791,7.039463785044435e-13,3.950960586369419e-18,1.401688569447958e-18
792,7.214081868929783e-13,3.965643816194482e-18,1.522786157195694e-18
793,7.169989974123692e-13,3.94769776961136e-18,1.478644117018148e-18
794,7.234473812849522e-13,3.945277972670835e-18,1.510108993358896e-18
795,7.221511245028619e-13,3.951587110860987e-18,1.504590824249088e-18
796,7.070877186908736e-13,3.933179623740149e-18,1.421718546233886e-18
797,7.17998404278809e-13,3.944420779487687e-18,1.515403476834032e-18
798,7.061500609733193e-13,3.936748472385577e-18,1.444668361473598e-18
799,7.291033349533112e-13,3.950166048740633e-18,1.520146176856032e-18
800,7.140385473986809e-13,3.942136989130892e-18,1.460174105486488e-18
801,7.2541423189274e-13,3.95040809177973e-18,1.524278982079005e-18
802,7.017742560088873e-13,3.932010647038669e-18,1.37668183359989e-18
803,6.982979060155271e-13,3.952691001010379e-18,1.389504659958303e-18
804,6.959611874293739e-13,3.932889474315839e-18,1.3860278173008e-18
805,7.120856231554272e-13,3.915149341633887e-18,1.448514125105671e-18
806,7.218988766289578e-13,3.937310247349566e-18,1.49197701854964e-18
807,7.024590275778827e-13,3.951502987901023e-18,1.417593547745004e-18
808,7.045498345297169e-13,3.931913315548903e-18,1.420712143005431e-18
809,7.500471000975191e-13,3.956992620730067e-18,1.621510376546891e-18
810,7.369107986068614e-13,3.949579392518187e-18,1.540517400361145e-18
811,7.106141843075294e-13,3.955657401841297e-18,1.433605626800271e-18
812,7.004973865203718e-13,3.956578968106445e-18,1.365494393396559e-18
813,7.172037273179793e-13,3.959788968456746e-18,1.485684117326117e-18
814,7.059515013211276e-13,3.95998146027489e-18,1.429628013722481e-18
815,6.997622180460671e-13,3.933631954193969e-18,1.413078339961502e-18
816,7.183697010764009e-13,3.940224818261406e-18,1.466157325987365e-18
817,6.981310999917846e-13,3.922264561927947e-18,1.363295253370424e-18
818,7.029563364130104e-13,3.915733660803888e-18,1.381630127751034e-18
819,7.241495620784335e-13,3.954729152897959e-18,1.503618968277969e-18
820,7.145033727851014e-13,3.936838996088227e-18,1.442376122673789e-18
821,7.214271207426689e-13,3.934790364025315e-18,1.488274665288837e-18
822,6.962609027118693e-13,3.940023180225756e-18,1.348417704123031e-18
823,6.969380021942803e-13,3.93217749761785e-18,1.375955129648977e-18
824,7.128550548246417e-13,3.934489455233048e-18,1.468330486354678e-18
825,6.952605511491965e-13,3.91655237983382e-18,1.362878111234468e-18
826,6.918696063347931e-13,3.932372852285585e-18,1.380253550256528e-18
827,6.915289134882087e-13,3.925369151440331e-18,1.380869821965567e-18
828,6.913960007617546e-13,3.934173662504382e-18,1.372933278939864e-18
829,6.953107501831111e-13,3.949002515284822e-18,1.402285699985559e-18
830,7.063445492864457e-13,3.926655044774662e-18,1.433683051408805e-18
831,7.090839151402641e-13,3.939641478612007e-18,1.462382924444392e-18
832,7.115001527345872e-13,3.924639829050177e-18,1.45697912221473e-18
833,7.132994124994449e-13,3.945134433434514e-18,1.420352817364917e-18
834,7.08923555068096e-13,3.926570082921168e-18,1.425085971881095e-18
835,7.166956783987824e-13,3.940724220221723e-18,1.453974857896064e-18
836,7.431169569613948e-13,3.95720343845812e-18,1.580183019619553e-18
837,7.445422045454694e-13,3.946386222801019e-18,1.545775777889434e-18
838,7.215135826385384e-13,3.941107349675728e-18,1.452153890286352e-18
839,7.352118163480048e-13,3.971955179615061e-18,1.532353995121543e-18
840,7.295200731555342e-13,3.973122869769487e-18,1.508499454174076e-18
841,7.332872295561415e-13,3.967779635900855e-18,1.547295579743461e-18
842,7.316599432583035e-13,3.959654613111726e-18,1.507984077492048e-18
843,7.296995878153423e-13,3.960039267110478e-18,1.504566568878988e-18
844,7.148516969411546e-13,3.961915019598745e-18,1.461433103218485e-18
845,7.107740935837476e-13,3.950218431060581e-18,1.40947743243605e-18
846,7.094040876911533e-13,3.984255547716755e-18,1.485154347727147e-18
847,7.364305361057437e-13,3.970951390783084e-18,1.561075190313022e-18
848,7.177181247710304e-13,3.954049195126998e-18,1.466048423705894e-18
849,7.271744672397968e-13,3.96551584150383e-18,1.510449705613978e-18
850,7.188080930814626e-13,3.95713775652973e-18,1.490319238920651e-18
851,7.086224583215034e-13,3.946992737909415e-18,1.425845057632399e-18
852,7.168607409761189e-13,3.945719867190577e-18,1.4862827356488e-18
853,7.069695501472332e-13,3.93942976282296e-18,1.420739911479444e-18
854,7.266586663190014e-13,3.960599253814264e-18,1.533174067250609e-18
855,7.561389918064346e-13,3.973887139524167e-18,1.629868364568115e-18
856,7.455422188979344e-13,3.969197369488528e-18,1.576226602176746e-18
857,7.547395066768121e-13,3.959978463725051e-18,1.602160650894239e-18
858,7.359428035074284e-13,3.963558517756256e-18,1.517808017659877e-18
859,7.356007434393196e-13,3.967237056032113e-18,1.546578034497887e-18
860,7.076585044469147e-13,3.95966089376085e-18,1.448475589458513e-18
861,7.060059003846536e-13,3.944559673540734e-18,1.403836621267246e-18
862,7.168222719753189e-13,3.954906846531512e-18,1.468317142886966e-18
863,7.130783973097453e-13,3.93989857867394e-18,1.452056905912335e-18
864,7.144022421152397e-13,3.918815857853916e-18,1.434490832442366e-18
865,7.118015029220053e-13,3.954735460612059e-18,1.459583791583561e-18
866,7.174300394203145e-13,3.939727509809175e-18,1.481390369537533e-18
867,7.112706587451687e-13,3.962370445476666e-18,1.468815655338952e-18
868,7.432485269056278e-13,3.950512762974912e-18,1.564652308453467e-18
869,7.316291370452695e-13,3.951902950284737e-18,1.512474304949392e-18
870,7.23683397616413e-13,3.964624690896481e-18,1.482797879604402e-18
871,7.41436306127412e-13,3.966364249417397e-18,1.585910759515169e-18
872,7.328644934344607e-13,3.954334106834277e-18,1.530668457878855e-18
873,7.072412413397815e-13,3.9526101969887e-18,1.437174546875616e-18
874,7.052581741747819e-13,3.923355897101248e-18,1.417436535961524e-18
875,7.043839146114962e-13,3.951643276303649e-18,1.446935091219891e-18
876,7.125307639956396e-13,3.949297212223326e-18,1.454023940927492e-18
877,7.307528740299245e-13,3.954496665595951e-18,1.526376338206044e-18
878,7.365891222444568e-13,3.962702691364063e-18,1.57227087351936e-18
879,7.160386424336684e-13,3.937464128149429e-18,1.423919129564832e-18
880,6.927559406018867e-13,3.935140091737087e-18,1.328546164116354e-18
881,7.124770577738386e-13,3.957531337284239e-18,1.486129122341595e-18
882,6.841060494808378e-13,3.940810311371816e-18,1.330674515240562e-18
883,7.129051340541502e-13,3.943434908842597e-18,1.468349752095109e-18
884,7.215897550271581e-13,3.951935170662493e-18,1.496274166119907e-18
885,7.03614581640073e-13,3.928772981193225e-18,1.385691853569825e-18
886,6.978148891802189e-13,3.912385679878902e-18,1.359277266416913e-18
887,6.931527191612157e-13,3.968290122796233e-18,1.398833747829743e-18
888,6.924533925954443e-13,3.939710120038277e-18,1.378894677573399e-18
889,6.935839357911202e-13,3.946355575016674e-18,1.39263303751933e-18
890,6.996366027138537e-13,3.935697459122904e-18,1.393249026284895e-18
891,7.156820871664253e-13,3.934972134260871e-18,1.465538771883082e-18
892,7.044953494780964e-13,3.932661874240036e-18,1.423235531864242e-18
893,7.124473076295673e-13,3.943541403392248e-18,1.461767228551128e-18
894,7.113359852236089e-13,3.93499186045103e-18,1.462978420719283e-18
895,7.204880300484516e-13,3.939564284926724e-18,1.491261676351628e-18
896,6.945420657449217e-13,3.937715115036949e-18,1.372847756420635e-18
897,7.165989263494743e-13,3.936488004518289e-18,1.462743208966219e-18
898,7.304918077521585e-13,3.954488304054811e-18,1.546914313305696e-18
899,7.133408252666735e-13,3.939856188158183e-18,1.418545124269935e-18
900,6.901166305283201e-13,3.965002512679978e-18,1.36602235925127e-18
901,7.083120356723527e-13,3.957197135862655e-18,1.456331135281033e-18
902,6.904650022113673e-13,3.958936972024106e-18,1.374084486880237e-18
903,7.228047697760594e-13,3.938779910332479e-18,1.507749746610848e-18
904,7.26149156774757e-13,3.943058351195235e-18,1.539828503004544e-18
905,7.383207462005096e-13,3.936825817401439e-18,1.555621975301833e-18
906,7.167041360142153e-13,3.935986727797326e-18,1.47776377213484e-18
907,7.288718034802234e-13,3.952751970700495e-18,1.515388539404951e-18
908,7.208311508407278e-13,3.949592741934759e-18,1.493781384854966e-18
909,7.038574514369767e-13,3.919506145047997e-18,1.39371024618088e-18
910,7.02938066440571e-13,3.93835033783751e-18,1.425449337073347e-18
911,7.172372488480506e-13,3.95060976986161e-18,1.499876586242984e-18
912,6.961404140223986e-13,3.961642765687111e-18,1.427208848920296e-18
913,6.924102225060921e-13,3.947445768680416e-18,1.411980528801767e-18
914,7.049530242300177e-13,3.944221330656003e-18,1.417811983913066e-18
915,7.025568885336926e-13,3.942173943878763e-18,1.405487141387e-18
916,7.322715327708088e-13,3.936903144204174e-18,1.535722378979782e-18
917,7.403447405373198e-13,3.959458280557984e-18,1.569194060266865e-18
918,7.481513113420067e-13,3.95978065030966e-18,1.584740340230952e-18
919,7.165093012748507e-13,3.969395557332557e-18,1.484265559600613e-18
920,7.489961869498353e-13,3.979973035569416e-18,1.617353620959397e-18
921,7.341703839264018e-13,3.948477013081211e-18,1.512131857131053e-18
922,7.401773733323793e-13,3.963932356956953e-18,1.594433754237475e-18
923,7.230010076544277e-13,3.956483141278541e-18,1.492053190898351e-18
924,7.101030150603635e-13,3.950528179295018e-18,1.43921639709608e-18
925,7.167170652163432e-13,3.945445207636016e-18,1.496390146990143e-18
926,6.997637688134222e-13,3.938787066950628e-18,1.403298759349702e-18
927,7.084240450042259e-13,3.965784819625376e-18,1.478333322057284e-18
928,7.406596678909285e-13,3.944763130923543e-18,1.593850072417508e-18
929,7.210100726403476e-13,3.935634427662287e-18,1.479965764813458e-18
930,7.077084434957095e-13,3.938620552847488e-18,1.431123843033981e-18
931,7.201702677615606e-13,3.936713754120937e-18,1.455224794220544e-18
932,7.108607078096698e-13,3.953815499642774e-18,1.440249924050381e-18
933,6.994114915453181e-13,3.96661062573223e-18,1.430540165333261e-18
934,7.119548993521765e-13,3.954840493464764e-18,1.441109104624319e-18
935,7.545817252160617e-13,3.962088527609573e-18,1.654982085645198e-18
936,7.496979201281157e-13,3.953427357750089e-18,1.592238235849508e-18
937,7.581365242059884e-13,3.9584390590915e-18,1.590381423418354e-18
938,7.590704790470902e-13,3.97217915639204e-18,1.58549331684801e-18
939,7.328352259871676e-13,3.982091091658495e-18,1.497090232596113e-18
940,7.255838700269679e-13,3.960948900251648e-18,1.496750953424077e-18
941,7.158279962895952e-13,3.946362812182999e-18,1.454746603398095e-18
942,7.195569446627951e-13,3.943260516380505e-18,1.471045845729695e-18
943,7.713091376575997e-13,3.95691540799055e-18,1.715557139599204e-18
944,7.289887574538526e-13,3.953789232992073e-18,1.488152756365754e-18
945,7.205049753574297e-13,3.943420689165352e-18,1.430477795351025e-18
946,7.432982149109809e-13,3.95043149989242e-18,1.54445951518554e-18
947,7.419166255891745e-13,3.953116862542149e-18,1.544642200309088e-18
948,7.404114911231651e-13,3.965008325829243e-18,1.527347838106208e-18
949,7.294311470815246e-13,3.95827265403123e-18,1.463608661622341e-18
950,7.406581174915555e-13,3.939738854984238e-18,1.534075026771141e-18
951,7.445913253666647e-13,3.950682616014396e-18,1.545683993017456e-18
952,7.367774572274447e-13,3.955964021876645e-18,1.519689767392248e-18
953,7.358092846136305e-13,3.965806506953699e-18,1.550432667217604e-18
954,7.425654405341629e-13,3.949070782971012e-18,1.562892557194247e-18
955,7.494699618080324e-13,3.965379849376754e-18,1.610493324171787e-18
956,7.413735901720564e-13,3.946640596397793e-18,1.545871101325276e-18
957,7.476596399313061e-13,3.958346196416642e-18,1.582220517840602e-18
958,7.267151191244672e-13,3.965906595398944e-18,1.520258252289676e-18
959,7.249605648936671e-13,3.949700067814334e-18,1.516451780416717e-18
960,7.319541161944774e-13,3.956209165376527e-18,1.512995225935328e-18
961,7.318028158244645e-13,3.956640953302374e-18,1.508316714813016e-18
962,7.339319383644221e-13,3.965651920389939e-18,1.54019523194646e-18
963,7.377836620942103e-13,3.929359021108557e-18,1.521076243169004e-18
964,7.357761367661047e-13,3.969177383771844e-18,1.553468545937121e-18
965,7.327622813045039e-13,3.956913142466099e-18,1.532010589256424e-18
966,7.221343554145797e-13,3.940207214007303e-18,1.482898063469322e-18
967,7.035847773449034e-13,3.932179102381029e-18,1.383533222073814e-18
968,7.318831705294917e-13,3.919764053046905e-18,1.507632147616894e-18
969,7.27820087653888e-13,3.971917198429737e-18,1.526488398955451e-18
970,7.012294095271654e-13,3.948468658687833e-18,1.409564073109561e-18
971,7.291374840973287e-13,3.959453089930291e-18,1.517849429871878e-18
972,7.100562781561082e-13,3.93500016273666e-18,1.421162502954051e-18
973,7.144473779553171e-13,3.944515012279727e-18,1.460042728926369e-18
974,7.068911380155322e-13,3.954809452988266e-18,1.468680955704724e-18
975,7.10562458448451e-13,3.949501813778005e-18,1.462690759937608e-18
976,7.244898079527602e-13,3.921525271082808e-18,1.473443223609888e-18
977,7.093435417945624e-13,3.927526085502993e-18,1.433399027963041e-18
978,6.951999661253915e-13,3.92760389211822e-18,1.362717585463849e-18
979,7.079620951373379e-13,3.932123858418335e-18,1.441763614970919e-18
980,7.007929907993102e-13,3.940338652242933e-18,1.423759450027058e-18
981,6.909994235446093e-13,3.92494640293586e-18,1.348853584273369e-18
982,6.998492731769817e-13,3.936774253913562e-18,1.41470334559734e-18
983,7.181364575995918e-13,3.936212032713588e-18,1.508554217889949e-18
984,7.131417129492779e-13,3.941816316475226e-18,1.474777391370689e-18
985,7.045720686266696e-13,3.926025878326074e-18,1.430077404149234e-18
986,7.182698454317409e-13,3.940766559894166e-18,1.476435850896064e-18
987,7.138911547532551e-13,3.933619094412972e-18,1.452891523898342e-18
988,6.940439586753056e-13,3.935392011863759e-18,1.368065148168799e-18
989,7.060043493129682e-13,3.931565794560129e-18,1.438008528662853e-18
990,7.18259217844118e-13,3.941749807284854e-18,1.465689228026651e-18
991,7.417536822862926e-13,3.95197586077235e-18,1.584423879953763e-18
992,7.432574915085126e-13,3.934688214902069e-18,1.568515310525722e-18
993,7.137681128935342e-13,3.933212513360307e-18,1.475136391523334e-18
994,7.058990486672871e-13,3.943453925566654e-18,1.468073291036904e-18
995,7.063563398350667e-13,3.946394748940544e-18,1.438210651486093e-18
996,6.946483892193926e-13,3.926339418070501e-18,1.386000808675472e-18
997,6.791049375692044e-13,3.952691069763934e-18,1.334540141058544e-18
998,7.513215015071167e-13,3.926569952696929e-18,1.578618001670047e-18
999,7.311570127065332e-13,3.925096351920929e-18,1.489633062472128e-18
1000,7.190106041325575e-13,3.935365794363359e-18,1.521173530781195e-18
